index	prim:vindex	pindex	N(0)	N(1)	N(2)	Tex(0)	Tex(1)	Tex(2)
0	0:0	0	-4.371139e-8	1	0	0	0	0
1	0:1	1	-2.1855692e-8	0.49999997	-0.8660253	0.16666667	0	0
2	0:2	7	-2.1855692e-8	0.49999997	-0.8660253	0.16666667	0.11111111	0
3	0:3	6	-4.371139e-8	1	0	0	0.11111111	0
4	1:0	1	-2.1855692e-8	0.49999997	-0.8660253	0.16666667	0	0
5	1:1	2	2.1855692e-8	-0.49999997	-0.8660253	0.33333334	0	0
6	1:2	8	2.1855692e-8	-0.49999997	-0.8660253	0.33333334	0.11111111	0
7	1:3	7	-2.1855692e-8	0.49999997	-0.8660253	0.16666667	0.11111111	0
8	2:0	2	2.1855692e-8	-0.49999997	-0.8660253	0.33333334	0	0
9	2:1	3	4.371139e-8	-1	0	0.5	0	0
10	2:2	9	4.371139e-8	-1	0	0.5	0.11111111	0
11	2:3	8	2.1855692e-8	-0.49999997	-0.8660253	0.33333334	0.11111111	0
12	3:0	3	4.371139e-8	-1	0	0.5	0	0
13	3:1	4	2.18557e-8	-0.5000001	0.86602527	0.6666667	0	0
14	3:2	10	2.18557e-8	-0.5000001	0.86602527	0.6666667	0.11111111	0
15	3:3	9	4.371139e-8	-1	0	0.5	0.11111111	0
16	4:0	4	2.18557e-8	-0.5000001	0.86602527	0.6666667	0	0
17	4:1	5	-2.1855692e-8	0.49999997	0.8660253	0.8333334	0	0
18	4:2	11	-2.1855692e-8	0.49999997	0.8660253	0.8333334	0.11111111	0
19	4:3	10	2.18557e-8	-0.5000001	0.86602527	0.6666667	0.11111111	0
20	5:0	5	-2.1855692e-8	0.49999997	0.8660253	0.8333334	0	0
21	5:1	0	-4.371139e-8	1	0	1	0	0
22	5:2	6	-4.371139e-8	1	0	1	0.11111111	0
23	5:3	11	-2.1855692e-8	0.49999997	0.8660253	0.8333334	0.11111111	0
24	6:0	6	-4.371139e-8	1	0	0	0.11111111	0
25	6:1	7	-2.1855692e-8	0.49999997	-0.8660253	0.16666667	0.11111111	0
26	6:2	13	-2.1855692e-8	0.49999997	-0.8660253	0.16666667	0.22222222	0
27	6:3	12	-4.371139e-8	1	0	0	0.22222222	0
28	7:0	7	-2.1855692e-8	0.49999997	-0.8660253	0.16666667	0.11111111	0
29	7:1	8	2.1855692e-8	-0.49999997	-0.8660253	0.33333334	0.11111111	0
30	7:2	14	2.1855692e-8	-0.49999997	-0.8660253	0.33333334	0.22222222	0
31	7:3	13	-2.1855692e-8	0.49999997	-0.8660253	0.16666667	0.22222222	0
32	8:0	8	2.1855692e-8	-0.49999997	-0.8660253	0.33333334	0.11111111	0
33	8:1	9	4.371139e-8	-1	0	0.5	0.11111111	0
34	8:2	15	4.371139e-8	-1	0	0.5	0.22222222	0
35	8:3	14	2.1855692e-8	-0.49999997	-0.8660253	0.33333334	0.22222222	0
36	9:0	9	4.371139e-8	-1	0	0.5	0.11111111	0
37	9:1	10	2.18557e-8	-0.5000001	0.86602527	0.6666667	0.11111111	0
38	9:2	16	2.18557e-8	-0.5000001	0.86602527	0.6666667	0.22222222	0
39	9:3	15	4.371139e-8	-1	0	0.5	0.22222222	0
40	10:0	10	2.18557e-8	-0.5000001	0.86602527	0.6666667	0.11111111	0
41	10:1	11	-2.1855692e-8	0.49999997	0.8660253	0.8333334	0.11111111	0
42	10:2	17	-2.1855692e-8	0.49999997	0.8660253	0.8333334	0.22222222	0
43	10:3	16	2.18557e-8	-0.5000001	0.86602527	0.6666667	0.22222222	0
44	11:0	11	-2.1855692e-8	0.49999997	0.8660253	0.8333334	0.11111111	0
45	11:1	6	-4.371139e-8	1	0	1	0.11111111	0
46	11:2	12	-4.371139e-8	1	0	1	0.22222222	0
47	11:3	17	-2.1855692e-8	0.49999997	0.8660253	0.8333334	0.22222222	0
48	12:0	12	-4.371139e-8	1	0	0	0.22222222	0
49	12:1	13	-2.1855692e-8	0.49999997	-0.8660253	0.16666667	0.22222222	0
50	12:2	19	-2.1855692e-8	0.49999997	-0.8660253	0.16666667	0.33333334	0
51	12:3	18	-4.371139e-8	1	0	0	0.33333334	0
52	13:0	13	-2.1855692e-8	0.49999997	-0.8660253	0.16666667	0.22222222	0
53	13:1	14	2.1855692e-8	-0.49999997	-0.8660253	0.33333334	0.22222222	0
54	13:2	20	2.1855692e-8	-0.49999997	-0.8660253	0.33333334	0.33333334	0
55	13:3	19	-2.1855692e-8	0.49999997	-0.8660253	0.16666667	0.33333334	0
56	14:0	14	2.1855692e-8	-0.49999997	-0.8660253	0.33333334	0.22222222	0
57	14:1	15	4.371139e-8	-1	0	0.5	0.22222222	0
58	14:2	21	4.371139e-8	-1	0	0.5	0.33333334	0
59	14:3	20	2.1855692e-8	-0.49999997	-0.8660253	0.33333334	0.33333334	0
60	15:0	15	4.371139e-8	-1	0	0.5	0.22222222	0
61	15:1	16	2.18557e-8	-0.5000001	0.86602527	0.6666667	0.22222222	0
62	15:2	22	2.18557e-8	-0.5000001	0.86602527	0.6666667	0.33333334	0
63	15:3	21	4.371139e-8	-1	0	0.5	0.33333334	0
64	16:0	16	2.18557e-8	-0.5000001	0.86602527	0.6666667	0.22222222	0
65	16:1	17	-2.1855692e-8	0.49999997	0.8660253	0.8333334	0.22222222	0
66	16:2	23	-2.1855692e-8	0.49999997	0.8660253	0.8333334	0.33333334	0
67	16:3	22	2.18557e-8	-0.5000001	0.86602527	0.6666667	0.33333334	0
68	17:0	17	-2.1855692e-8	0.49999997	0.8660253	0.8333334	0.22222222	0
69	17:1	12	-4.371139e-8	1	0	1	0.22222222	0
70	17:2	18	-4.371139e-8	1	0	1	0.33333334	0
71	17:3	23	-2.1855692e-8	0.49999997	0.8660253	0.8333334	0.33333334	0
72	18:0	18	-4.371139e-8	1	0	0	0.33333334	0
73	18:1	19	-2.1855692e-8	0.49999997	-0.8660253	0.16666667	0.33333334	0
74	18:2	25	-2.1855692e-8	0.49999997	-0.8660253	0.16666667	0.44444445	0
75	18:3	24	-4.371139e-8	1	0	0	0.44444445	0
76	19:0	19	-2.1855692e-8	0.49999997	-0.8660253	0.16666667	0.33333334	0
77	19:1	20	2.1855692e-8	-0.49999997	-0.8660253	0.33333334	0.33333334	0
78	19:2	26	2.1855692e-8	-0.49999997	-0.8660253	0.33333334	0.44444445	0
79	19:3	25	-2.1855692e-8	0.49999997	-0.8660253	0.16666667	0.44444445	0
80	20:0	20	2.1855692e-8	-0.49999997	-0.8660253	0.33333334	0.33333334	0
81	20:1	21	4.371139e-8	-1	0	0.5	0.33333334	0
82	20:2	27	4.371139e-8	-1	0	0.5	0.44444445	0
83	20:3	26	2.1855692e-8	-0.49999997	-0.8660253	0.33333334	0.44444445	0
84	21:0	21	4.371139e-8	-1	0	0.5	0.33333334	0
85	21:1	22	2.18557e-8	-0.5000001	0.86602527	0.6666667	0.33333334	0
86	21:2	28	2.18557e-8	-0.5000001	0.86602527	0.6666667	0.44444445	0
87	21:3	27	4.371139e-8	-1	0	0.5	0.44444445	0
88	22:0	22	2.18557e-8	-0.5000001	0.86602527	0.6666667	0.33333334	0
89	22:1	23	-2.1855692e-8	0.49999997	0.8660253	0.8333334	0.33333334	0
90	22:2	29	-2.1855692e-8	0.49999997	0.8660253	0.8333334	0.44444445	0
91	22:3	28	2.18557e-8	-0.5000001	0.86602527	0.6666667	0.44444445	0
92	23:0	23	-2.1855692e-8	0.49999997	0.8660253	0.8333334	0.33333334	0
93	23:1	18	-4.371139e-8	1	0	1	0.33333334	0
94	23:2	24	-4.371139e-8	1	0	1	0.44444445	0
95	23:3	29	-2.1855692e-8	0.49999997	0.8660253	0.8333334	0.44444445	0
96	24:0	24	-4.371139e-8	1	0	0	0.44444445	0
97	24:1	25	-2.1855692e-8	0.49999997	-0.8660253	0.16666667	0.44444445	0
98	24:2	31	-2.1855692e-8	0.49999997	-0.8660253	0.16666667	0.5555556	0
99	24:3	30	-4.371139e-8	1	0	0	0.5555556	0
100	25:0	25	-2.1855692e-8	0.49999997	-0.8660253	0.16666667	0.44444445	0
101	25:1	26	2.1855692e-8	-0.49999997	-0.8660253	0.33333334	0.44444445	0
102	25:2	32	2.1855692e-8	-0.49999997	-0.8660253	0.33333334	0.5555556	0
103	25:3	31	-2.1855692e-8	0.49999997	-0.8660253	0.16666667	0.5555556	0
104	26:0	26	2.1855692e-8	-0.49999997	-0.8660253	0.33333334	0.44444445	0
105	26:1	27	4.371139e-8	-1	0	0.5	0.44444445	0
106	26:2	33	4.371139e-8	-1	0	0.5	0.5555556	0
107	26:3	32	2.1855692e-8	-0.49999997	-0.8660253	0.33333334	0.5555556	0
108	27:0	27	4.371139e-8	-1	0	0.5	0.44444445	0
109	27:1	28	2.18557e-8	-0.5000001	0.86602527	0.6666667	0.44444445	0
110	27:2	34	2.18557e-8	-0.5000001	0.86602527	0.6666667	0.5555556	0
111	27:3	33	4.371139e-8	-1	0	0.5	0.5555556	0
112	28:0	28	2.18557e-8	-0.5000001	0.86602527	0.6666667	0.44444445	0
113	28:1	29	-2.1855692e-8	0.49999997	0.8660253	0.8333334	0.44444445	0
114	28:2	35	-2.1855692e-8	0.49999997	0.8660253	0.8333334	0.5555556	0
115	28:3	34	2.18557e-8	-0.5000001	0.86602527	0.6666667	0.5555556	0
116	29:0	29	-2.1855692e-8	0.49999997	0.8660253	0.8333334	0.44444445	0
117	29:1	24	-4.371139e-8	1	0	1	0.44444445	0
118	29:2	30	-4.371139e-8	1	0	1	0.5555556	0
119	29:3	35	-2.1855692e-8	0.49999997	0.8660253	0.8333334	0.5555556	0
120	30:0	30	-4.371139e-8	1	0	0	0.5555556	0
121	30:1	31	-2.1855692e-8	0.49999997	-0.8660253	0.16666667	0.5555556	0
122	30:2	37	-2.1855692e-8	0.49999997	-0.8660253	0.16666667	0.6666667	0
123	30:3	36	-4.371139e-8	1	0	0	0.6666667	0
124	31:0	31	-2.1855692e-8	0.49999997	-0.8660253	0.16666667	0.5555556	0
125	31:1	32	2.1855692e-8	-0.49999997	-0.8660253	0.33333334	0.5555556	0
126	31:2	38	2.1855692e-8	-0.49999997	-0.8660253	0.33333334	0.6666667	0
127	31:3	37	-2.1855692e-8	0.49999997	-0.8660253	0.16666667	0.6666667	0
128	32:0	32	2.1855692e-8	-0.49999997	-0.8660253	0.33333334	0.5555556	0
129	32:1	33	4.371139e-8	-1	0	0.5	0.5555556	0
130	32:2	39	4.371139e-8	-1	0	0.5	0.6666667	0
131	32:3	38	2.1855692e-8	-0.49999997	-0.8660253	0.33333334	0.6666667	0
132	33:0	33	4.371139e-8	-1	0	0.5	0.5555556	0
133	33:1	34	2.18557e-8	-0.5000001	0.86602527	0.6666667	0.5555556	0
134	33:2	40	2.18557e-8	-0.5000001	0.86602527	0.6666667	0.6666667	0
135	33:3	39	4.371139e-8	-1	0	0.5	0.6666667	0
136	34:0	34	2.18557e-8	-0.5000001	0.86602527	0.6666667	0.5555556	0
137	34:1	35	-2.1855692e-8	0.49999997	0.8660253	0.8333334	0.5555556	0
138	34:2	41	-2.1855692e-8	0.49999997	0.8660253	0.8333334	0.6666667	0
139	34:3	40	2.18557e-8	-0.5000001	0.86602527	0.6666667	0.6666667	0
140	35:0	35	-2.1855692e-8	0.49999997	0.8660253	0.8333334	0.5555556	0
141	35:1	30	-4.371139e-8	1	0	1	0.5555556	0
142	35:2	36	-4.371139e-8	1	0	1	0.6666667	0
143	35:3	41	-2.1855692e-8	0.49999997	0.8660253	0.8333334	0.6666667	0
144	36:0	36	-4.371139e-8	1	0	0	0.6666667	0
145	36:1	37	-2.1855692e-8	0.49999997	-0.8660253	0.16666667	0.6666667	0
146	36:2	43	-2.1855692e-8	0.49999997	-0.8660253	0.16666667	0.7777778	0
147	36:3	42	-4.371139e-8	1	0	0	0.7777778	0
148	37:0	37	-2.1855692e-8	0.49999997	-0.8660253	0.16666667	0.6666667	0
149	37:1	38	2.1855692e-8	-0.49999997	-0.8660253	0.33333334	0.6666667	0
150	37:2	44	2.1855692e-8	-0.49999997	-0.8660253	0.33333334	0.7777778	0
151	37:3	43	-2.1855692e-8	0.49999997	-0.8660253	0.16666667	0.7777778	0
152	38:0	38	2.1855692e-8	-0.49999997	-0.8660253	0.33333334	0.6666667	0
153	38:1	39	4.371139e-8	-1	0	0.5	0.6666667	0
154	38:2	45	4.371139e-8	-1	0	0.5	0.7777778	0
155	38:3	44	2.1855692e-8	-0.49999997	-0.8660253	0.33333334	0.7777778	0
156	39:0	39	4.371139e-8	-1	0	0.5	0.6666667	0
157	39:1	40	2.18557e-8	-0.5000001	0.86602527	0.6666667	0.6666667	0
158	39:2	46	2.18557e-8	-0.5000001	0.86602527	0.6666667	0.7777778	0
159	39:3	45	4.371139e-8	-1	0	0.5	0.7777778	0
160	40:0	40	2.18557e-8	-0.5000001	0.86602527	0.6666667	0.6666667	0
161	40:1	41	-2.1855692e-8	0.49999997	0.8660253	0.8333334	0.6666667	0
162	40:2	47	-2.1855692e-8	0.49999997	0.8660253	0.8333334	0.7777778	0
163	40:3	46	2.18557e-8	-0.5000001	0.86602527	0.6666667	0.7777778	0
164	41:0	41	-2.1855692e-8	0.49999997	0.8660253	0.8333334	0.6666667	0
165	41:1	36	-4.371139e-8	1	0	1	0.6666667	0
166	41:2	42	-4.371139e-8	1	0	1	0.7777778	0
167	41:3	47	-2.1855692e-8	0.49999997	0.8660253	0.8333334	0.7777778	0
168	42:0	42	-4.371139e-8	1	0	0	0.7777778	0
169	42:1	43	-2.1855692e-8	0.49999997	-0.8660253	0.16666667	0.7777778	0
170	42:2	49	-2.1855692e-8	0.49999997	-0.8660253	0.16666667	0.8888889	0
171	42:3	48	-4.371139e-8	1	0	0	0.8888889	0
172	43:0	43	-2.1855692e-8	0.49999997	-0.8660253	0.16666667	0.7777778	0
173	43:1	44	2.1855692e-8	-0.49999997	-0.8660253	0.33333334	0.7777778	0
174	43:2	50	2.1855692e-8	-0.49999997	-0.8660253	0.33333334	0.8888889	0
175	43:3	49	-2.1855692e-8	0.49999997	-0.8660253	0.16666667	0.8888889	0
176	44:0	44	2.1855692e-8	-0.49999997	-0.8660253	0.33333334	0.7777778	0
177	44:1	45	4.371139e-8	-1	0	0.5	0.7777778	0
178	44:2	51	4.371139e-8	-1	0	0.5	0.8888889	0
179	44:3	50	2.1855692e-8	-0.49999997	-0.8660253	0.33333334	0.8888889	0
180	45:0	45	4.371139e-8	-1	0	0.5	0.7777778	0
181	45:1	46	2.18557e-8	-0.5000001	0.86602527	0.6666667	0.7777778	0
182	45:2	52	2.18557e-8	-0.5000001	0.86602527	0.6666667	0.8888889	0
183	45:3	51	4.371139e-8	-1	0	0.5	0.8888889	0
184	46:0	46	2.18557e-8	-0.5000001	0.86602527	0.6666667	0.7777778	0
185	46:1	47	-2.1855692e-8	0.49999997	0.8660253	0.8333334	0.7777778	0
186	46:2	53	-2.1855692e-8	0.49999997	0.8660253	0.8333334	0.8888889	0
187	46:3	52	2.18557e-8	-0.5000001	0.86602527	0.6666667	0.8888889	0
188	47:0	47	-2.1855692e-8	0.49999997	0.8660253	0.8333334	0.7777778	0
189	47:1	42	-4.371139e-8	1	0	1	0.7777778	0
190	47:2	48	-4.371139e-8	1	0	1	0.8888889	0
191	47:3	53	-2.1855692e-8	0.49999997	0.8660253	0.8333334	0.8888889	0
192	48:0	48	-4.371139e-8	1	0	0	0.8888889	0
193	48:1	49	-2.1855692e-8	0.49999997	-0.8660253	0.16666667	0.8888889	0
194	48:2	55	-2.1855692e-8	0.49999997	-0.8660253	0.16666667	1	0
195	48:3	54	-4.371139e-8	1	0	0	1	0
196	49:0	49	-2.1855692e-8	0.49999997	-0.8660253	0.16666667	0.8888889	0
197	49:1	50	2.1855692e-8	-0.49999997	-0.8660253	0.33333334	0.8888889	0
198	49:2	56	2.1855692e-8	-0.49999997	-0.8660253	0.33333334	1	0
199	49:3	55	-2.1855692e-8	0.49999997	-0.8660253	0.16666667	1	0
200	50:0	50	2.1855692e-8	-0.49999997	-0.8660253	0.33333334	0.8888889	0
201	50:1	51	4.371139e-8	-1	0	0.5	0.8888889	0
202	50:2	57	4.371139e-8	-1	0	0.5	1	0
203	50:3	56	2.1855692e-8	-0.49999997	-0.8660253	0.33333334	1	0
204	51:0	51	4.371139e-8	-1	0	0.5	0.8888889	0
205	51:1	52	2.18557e-8	-0.5000001	0.86602527	0.6666667	0.8888889	0
206	51:2	58	2.18557e-8	-0.5000001	0.86602527	0.6666667	1	0
207	51:3	57	4.371139e-8	-1	0	0.5	1	0
208	52:0	52	2.18557e-8	-0.5000001	0.86602527	0.6666667	0.8888889	0
209	52:1	53	-2.1855692e-8	0.49999997	0.8660253	0.8333334	0.8888889	0
210	52:2	59	-2.1855692e-8	0.49999997	0.8660253	0.8333334	1	0
211	52:3	58	2.18557e-8	-0.5000001	0.86602527	0.6666667	1	0
212	53:0	53	-2.1855692e-8	0.49999997	0.8660253	0.8333334	0.8888889	0
213	53:1	48	-4.371139e-8	1	0	1	0.8888889	0
214	53:2	54	-4.371139e-8	1	0	1	1	0
215	53:3	59	-2.1855692e-8	0.49999997	0.8660253	0.8333334	1	0
