index,prim:vindex,pindex,N(0),N(1),N(2),Tex(0),Tex(1),Tex(2)
0,0:0,0,0.0,1.0,0.0,0.0,0.0,0.0
1,0:1,1,-0.03046607559660847,0.5000000000000001,-0.8654893518915999,0.16666666666666666,0.0,0.0
2,0:2,7,-0.044340904825774734,0.5000000000000001,-0.8648895213605212,0.16666666666666666,0.034482758620689655,0.0
3,0:3,6,0.0,1.0,0.0,0.0,0.034482758620689655,0.0
4,1:0,1,-0.03046607559660847,0.5000000000000001,-0.8654893518915999,0.16666666666666666,0.0,0.0
5,1:1,2,-0.030466075596608473,-0.4999999999999998,-0.8654893518916,0.3333333333333333,0.0,0.0
6,1:2,8,-0.04434090482577474,-0.4999999999999998,-0.8648895213605213,0.3333333333333333,0.034482758620689655,0.0
7,1:3,7,-0.044340904825774734,0.5000000000000001,-0.8648895213605212,0.16666666666666666,0.034482758620689655,0.0
8,2:0,2,-0.030466075596608473,-0.4999999999999998,-0.8654893518916,0.3333333333333333,0.0,0.0
9,2:1,3,-4.308208719851212e-18,-1.0,-1.2238887679950649e-16,0.5,0.0,0.0
10,2:2,9,-6.270248762783256e-18,-1.0,-1.2230405474501404e-16,0.5,0.034482758620689655,0.0
11,2:3,8,-0.04434090482577474,-0.4999999999999998,-0.8648895213605213,0.3333333333333333,0.034482758620689655,0.0
12,3:0,3,-4.308208719851212e-18,-1.0,-1.2238887679950649e-16,0.5,0.0,0.0
13,3:1,4,0.030466075596608466,-0.5000000000000004,0.8654893518915998,0.6666666666666666,0.0,0.0
14,3:2,10,0.04434090482577473,-0.5000000000000004,0.8648895213605211,0.6666666666666666,0.034482758620689655,0.0
15,3:3,9,-6.270248762783256e-18,-1.0,-1.2230405474501404e-16,0.5,0.034482758620689655,0.0
16,4:0,4,0.030466075596608466,-0.5000000000000004,0.8654893518915998,0.6666666666666666,0.0,0.0
17,4:1,5,0.030466075596608487,0.49999999999999933,0.8654893518916004,0.8333333333333334,0.0,0.0
18,4:2,11,0.044340904825774755,0.49999999999999933,0.8648895213605217,0.8333333333333334,0.034482758620689655,0.0
19,4:3,10,0.04434090482577473,-0.5000000000000004,0.8648895213605211,0.6666666666666666,0.034482758620689655,0.0
20,5:0,5,0.030466075596608487,0.49999999999999933,0.8654893518916004,0.8333333333333334,0.0,0.0
21,5:1,0,0.0,1.0,0.0,1.0,0.0,0.0
22,5:2,6,0.0,1.0,0.0,1.0,0.034482758620689655,0.0
23,5:3,11,0.044340904825774755,0.49999999999999933,0.8648895213605217,0.8333333333333334,0.034482758620689655,0.0
24,6:0,6,0.0,1.0,0.0,0.0,0.034482758620689655,0.0
25,6:1,7,-0.044340904825774734,0.5000000000000001,-0.8648895213605212,0.16666666666666666,0.034482758620689655,0.0
26,6:2,13,-0.06303115733120426,0.5000000000000001,-0.8637285876972517,0.16666666666666666,0.06896551724137931,0.0
27,6:3,12,0.0,1.0,0.0,0.0,0.06896551724137931,0.0
28,7:0,7,-0.044340904825774734,0.5000000000000001,-0.8648895213605212,0.16666666666666666,0.034482758620689655,0.0
29,7:1,8,-0.04434090482577474,-0.4999999999999998,-0.8648895213605213,0.3333333333333333,0.034482758620689655,0.0
30,7:2,14,-0.06303115733120428,-0.4999999999999998,-0.8637285876972518,0.3333333333333333,0.06896551724137931,0.0
31,7:3,13,-0.06303115733120426,0.5000000000000001,-0.8637285876972517,0.16666666666666666,0.06896551724137931,0.0
32,8:0,8,-0.04434090482577474,-0.4999999999999998,-0.8648895213605213,0.3333333333333333,0.034482758620689655,0.0
33,8:1,9,-6.270248762783256e-18,-1.0,-1.2230405474501404e-16,0.5,0.034482758620689655,0.0
34,8:2,15,-8.913237964486551e-18,-1.0,-1.2213988707873858e-16,0.5,0.06896551724137931,0.0
35,8:3,14,-0.06303115733120428,-0.4999999999999998,-0.8637285876972518,0.3333333333333333,0.06896551724137931,0.0
36,9:0,9,-6.270248762783256e-18,-1.0,-1.2230405474501404e-16,0.5,0.034482758620689655,0.0
37,9:1,10,0.04434090482577473,-0.5000000000000004,0.8648895213605211,0.6666666666666666,0.034482758620689655,0.0
38,9:2,16,0.06303115733120426,-0.5000000000000004,0.8637285876972516,0.6666666666666666,0.06896551724137931,0.0
39,9:3,15,-8.913237964486551e-18,-1.0,-1.2213988707873858e-16,0.5,0.06896551724137931,0.0
40,10:0,10,0.04434090482577473,-0.5000000000000004,0.8648895213605211,0.6666666666666666,0.034482758620689655,0.0
41,10:1,11,0.044340904825774755,0.49999999999999933,0.8648895213605217,0.8333333333333334,0.034482758620689655,0.0
42,10:2,17,0.06303115733120429,0.49999999999999933,0.8637285876972521,0.8333333333333334,0.06896551724137931,0.0
43,10:3,16,0.06303115733120426,-0.5000000000000004,0.8637285876972516,0.6666666666666666,0.06896551724137931,0.0
44,11:0,11,0.044340904825774755,0.49999999999999933,0.8648895213605217,0.8333333333333334,0.034482758620689655,0.0
45,11:1,6,0.0,1.0,0.0,1.0,0.034482758620689655,0.0
46,11:2,12,0.0,1.0,0.0,1.0,0.06896551724137931,0.0
47,11:3,17,0.06303115733120429,0.49999999999999933,0.8637285876972521,0.8333333333333334,0.06896551724137931,0.0
48,12:0,12,0.0,1.0,0.0,0.0,0.06896551724137931,0.0
49,12:1,13,-0.06303115733120426,0.5000000000000001,-0.8637285876972517,0.16666666666666666,0.06896551724137931,0.0
50,12:2,19,-0.06939085467994281,0.5000000000000001,-0.8632409335097514,0.16666666666666666,0.10344827586206896,0.0
51,12:3,18,0.0,1.0,0.0,0.0,0.10344827586206896,0.0
52,13:0,13,-0.06303115733120426,0.5000000000000001,-0.8637285876972517,0.16666666666666666,0.06896551724137931,0.0
53,13:1,14,-0.06303115733120428,-0.4999999999999998,-0.8637285876972518,0.3333333333333333,0.06896551724137931,0.0
54,13:2,20,-0.06939085467994283,-0.4999999999999998,-0.8632409335097515,0.3333333333333333,0.10344827586206896,0.0
55,13:3,19,-0.06939085467994281,0.5000000000000001,-0.8632409335097514,0.16666666666666666,0.10344827586206896,0.0
56,14:0,14,-0.06303115733120428,-0.4999999999999998,-0.8637285876972518,0.3333333333333333,0.06896551724137931,0.0
57,14:1,15,-8.913237964486551e-18,-1.0,-1.2213988707873858e-16,0.5,0.06896551724137931,0.0
58,14:2,21,-9.812562969000756e-18,-1.0,-1.2207092788456216e-16,0.5,0.10344827586206896,0.0
59,14:3,20,-0.06939085467994283,-0.4999999999999998,-0.8632409335097515,0.3333333333333333,0.10344827586206896,0.0
60,15:0,15,-8.913237964486551e-18,-1.0,-1.2213988707873858e-16,0.5,0.06896551724137931,0.0
61,15:1,16,0.06303115733120426,-0.5000000000000004,0.8637285876972516,0.6666666666666666,0.06896551724137931,0.0
62,15:2,22,0.06939085467994281,-0.5000000000000004,0.8632409335097513,0.6666666666666666,0.10344827586206896,0.0
63,15:3,21,-9.812562969000756e-18,-1.0,-1.2207092788456216e-16,0.5,0.10344827586206896,0.0
64,16:0,16,0.06303115733120426,-0.5000000000000004,0.8637285876972516,0.6666666666666666,0.06896551724137931,0.0
65,16:1,17,0.06303115733120429,0.49999999999999933,0.8637285876972521,0.8333333333333334,0.06896551724137931,0.0
66,16:2,23,0.06939085467994285,0.49999999999999933,0.8632409335097518,0.8333333333333334,0.10344827586206896,0.0
67,16:3,22,0.06939085467994281,-0.5000000000000004,0.8632409335097513,0.6666666666666666,0.10344827586206896,0.0
68,17:0,17,0.06303115733120429,0.49999999999999933,0.8637285876972521,0.8333333333333334,0.06896551724137931,0.0
69,17:1,12,0.0,1.0,0.0,1.0,0.06896551724137931,0.0
70,17:2,18,0.0,1.0,0.0,1.0,0.10344827586206896,0.0
71,17:3,23,0.06939085467994285,0.49999999999999933,0.8632409335097518,0.8333333333333334,0.10344827586206896,0.0
72,18:0,18,0.0,1.0,0.0,0.0,0.10344827586206896,0.0
73,18:1,19,-0.06939085467994281,0.5000000000000001,-0.8632409335097514,0.16666666666666666,0.10344827586206896,0.0
74,18:2,25,-0.07062341363634203,0.5000000000000001,-0.8631409696256749,0.16666666666666666,0.13793103448275862,0.0
75,18:3,24,0.0,1.0,0.0,0.0,0.13793103448275862,0.0
76,19:0,19,-0.06939085467994281,0.5000000000000001,-0.8632409335097514,0.16666666666666666,0.10344827586206896,0.0
77,19:1,20,-0.06939085467994283,-0.4999999999999998,-0.8632409335097515,0.3333333333333333,0.10344827586206896,0.0
78,19:2,26,-0.07062341363634203,-0.4999999999999998,-0.863140969625675,0.3333333333333333,0.13793103448275862,0.0
79,19:3,25,-0.07062341363634203,0.5000000000000001,-0.8631409696256749,0.16666666666666666,0.13793103448275862,0.0
80,20:0,20,-0.06939085467994283,-0.4999999999999998,-0.8632409335097515,0.3333333333333333,0.10344827586206896,0.0
81,20:1,21,-9.812562969000756e-18,-1.0,-1.2207092788456216e-16,0.5,0.10344827586206896,0.0
82,20:2,27,-9.986859170257506e-18,-1.0,-1.2205679198853303e-16,0.5,0.13793103448275862,0.0
83,20:3,26,-0.07062341363634203,-0.4999999999999998,-0.863140969625675,0.3333333333333333,0.13793103448275862,0.0
84,21:0,21,-9.812562969000756e-18,-1.0,-1.2207092788456216e-16,0.5,0.10344827586206896,0.0
85,21:1,22,0.06939085467994281,-0.5000000000000004,0.8632409335097513,0.6666666666666666,0.10344827586206896,0.0
86,21:2,28,0.07062341363634202,-0.5000000000000004,0.8631409696256748,0.6666666666666666,0.13793103448275862,0.0
87,21:3,27,-9.986859170257506e-18,-1.0,-1.2205679198853303e-16,0.5,0.13793103448275862,0.0
88,22:0,22,0.06939085467994281,-0.5000000000000004,0.8632409335097513,0.6666666666666666,0.10344827586206896,0.0
89,22:1,23,0.06939085467994285,0.49999999999999933,0.8632409335097518,0.8333333333333334,0.10344827586206896,0.0
90,22:2,29,0.07062341363634206,0.49999999999999933,0.8631409696256753,0.8333333333333334,0.13793103448275862,0.0
91,22:3,28,0.07062341363634202,-0.5000000000000004,0.8631409696256748,0.6666666666666666,0.13793103448275862,0.0
92,23:0,23,0.06939085467994285,0.49999999999999933,0.8632409335097518,0.8333333333333334,0.10344827586206896,0.0
93,23:1,18,0.0,1.0,0.0,1.0,0.10344827586206896,0.0
94,23:2,24,0.0,1.0,0.0,1.0,0.13793103448275862,0.0
95,23:3,29,0.07062341363634206,0.49999999999999933,0.8631409696256753,0.8333333333333334,0.13793103448275862,0.0
96,24:0,24,0.0,1.0,0.0,0.0,0.13793103448275862,0.0
97,24:1,25,-0.07062341363634203,0.5000000000000001,-0.8631409696256749,0.16666666666666666,0.13793103448275862,0.0
98,24:2,31,-0.06868655589818003,0.5000000000000001,-0.8632972587926167,0.16666666666666666,0.1724137931034483,0.0
99,24:3,30,0.0,1.0,0.0,0.0,0.1724137931034483,0.0
100,25:0,25,-0.07062341363634203,0.5000000000000001,-0.8631409696256749,0.16666666666666666,0.13793103448275862,0.0
101,25:1,26,-0.07062341363634203,-0.4999999999999998,-0.863140969625675,0.3333333333333333,0.13793103448275862,0.0
102,25:2,32,-0.06868655589818004,-0.4999999999999998,-0.8632972587926168,0.3333333333333333,0.1724137931034483,0.0
103,25:3,31,-0.06868655589818003,0.5000000000000001,-0.8632972587926167,0.16666666666666666,0.1724137931034483,0.0
104,26:0,26,-0.07062341363634203,-0.4999999999999998,-0.863140969625675,0.3333333333333333,0.13793103448275862,0.0
105,26:1,27,-9.986859170257506e-18,-1.0,-1.2205679198853303e-16,0.5,0.13793103448275862,0.0
106,26:2,33,-9.712968055853861e-18,-1.0,-1.2207889284460497e-16,0.5,0.1724137931034483,0.0
107,26:3,32,-0.06868655589818004,-0.4999999999999998,-0.8632972587926168,0.3333333333333333,0.1724137931034483,0.0
108,27:0,27,-9.986859170257506e-18,-1.0,-1.2205679198853303e-16,0.5,0.13793103448275862,0.0
109,27:1,28,0.07062341363634202,-0.5000000000000004,0.8631409696256748,0.6666666666666666,0.13793103448275862,0.0
110,27:2,34,0.06868655589818003,-0.5000000000000004,0.8632972587926165,0.6666666666666666,0.1724137931034483,0.0
111,27:3,33,-9.712968055853861e-18,-1.0,-1.2207889284460497e-16,0.5,0.1724137931034483,0.0
112,28:0,28,0.07062341363634202,-0.5000000000000004,0.8631409696256748,0.6666666666666666,0.13793103448275862,0.0
113,28:1,29,0.07062341363634206,0.49999999999999933,0.8631409696256753,0.8333333333333334,0.13793103448275862,0.0
114,28:2,35,0.06868655589818007,0.49999999999999933,0.8632972587926171,0.8333333333333334,0.1724137931034483,0.0
115,28:3,34,0.06868655589818003,-0.5000000000000004,0.8632972587926165,0.6666666666666666,0.1724137931034483,0.0
116,29:0,29,0.07062341363634206,0.49999999999999933,0.8631409696256753,0.8333333333333334,0.13793103448275862,0.0
117,29:1,24,0.0,1.0,0.0,1.0,0.13793103448275862,0.0
118,29:2,30,0.0,1.0,0.0,1.0,0.1724137931034483,0.0
119,29:3,35,0.06868655589818007,0.49999999999999933,0.8632972587926171,0.8333333333333334,0.1724137931034483,0.0
120,30:0,30,0.0,1.0,0.0,0.0,0.1724137931034483,0.0
121,30:1,31,-0.06868655589818003,0.5000000000000001,-0.8632972587926167,0.16666666666666666,0.1724137931034483,0.0
122,30:2,37,-0.0642114184297446,0.5000000000000001,-0.8636416466007416,0.16666666666666666,0.20689655172413793,0.0
123,30:3,36,0.0,1.0,0.0,0.0,0.20689655172413793,0.0
124,31:0,31,-0.06868655589818003,0.5000000000000001,-0.8632972587926167,0.16666666666666666,0.1724137931034483,0.0
125,31:1,32,-0.06868655589818004,-0.4999999999999998,-0.8632972587926168,0.3333333333333333,0.1724137931034483,0.0
126,31:2,38,-0.0642114184297446,-0.4999999999999998,-0.8636416466007417,0.3333333333333333,0.20689655172413793,0.0
127,31:3,37,-0.0642114184297446,0.5000000000000001,-0.8636416466007416,0.16666666666666666,0.20689655172413793,0.0
128,32:0,32,-0.06868655589818004,-0.4999999999999998,-0.8632972587926168,0.3333333333333333,0.1724137931034483,0.0
129,32:1,33,-9.712968055853861e-18,-1.0,-1.2207889284460497e-16,0.5,0.1724137931034483,0.0
130,32:2,39,-9.080138723998834e-18,-1.0,-1.2212759273551377e-16,0.5,0.20689655172413793,0.0
131,32:3,38,-0.0642114184297446,-0.4999999999999998,-0.8636416466007417,0.3333333333333333,0.20689655172413793,0.0
132,33:0,33,-9.712968055853861e-18,-1.0,-1.2207889284460497e-16,0.5,0.1724137931034483,0.0
133,33:1,34,0.06868655589818003,-0.5000000000000004,0.8632972587926165,0.6666666666666666,0.1724137931034483,0.0
134,33:2,40,0.06421141842974458,-0.5000000000000004,0.8636416466007415,0.6666666666666666,0.20689655172413793,0.0
135,33:3,39,-9.080138723998834e-18,-1.0,-1.2212759273551377e-16,0.5,0.20689655172413793,0.0
136,34:0,34,0.06868655589818003,-0.5000000000000004,0.8632972587926165,0.6666666666666666,0.1724137931034483,0.0
137,34:1,35,0.06868655589818007,0.49999999999999933,0.8632972587926171,0.8333333333333334,0.1724137931034483,0.0
138,34:2,41,0.06421141842974462,0.49999999999999933,0.863641646600742,0.8333333333333334,0.20689655172413793,0.0
139,34:3,40,0.06421141842974458,-0.5000000000000004,0.8636416466007415,0.6666666666666666,0.20689655172413793,0.0
140,35:0,35,0.06868655589818007,0.49999999999999933,0.8632972587926171,0.8333333333333334,0.1724137931034483,0.0
141,35:1,30,0.0,1.0,0.0,1.0,0.1724137931034483,0.0
142,35:2,36,0.0,1.0,0.0,1.0,0.20689655172413793,0.0
143,35:3,41,0.06421141842974462,0.49999999999999933,0.863641646600742,0.8333333333333334,0.20689655172413793,0.0
144,36:0,36,0.0,1.0,0.0,0.0,0.20689655172413793,0.0
145,36:1,37,-0.0642114184297446,0.5000000000000001,-0.8636416466007416,0.16666666666666666,0.20689655172413793,0.0
146,36:2,43,-0.057251501325850836,0.5000000000000001,-0.8641309308177413,0.16666666666666666,0.2413793103448276,0.0
147,36:3,42,0.0,1.0,0.0,0.0,0.2413793103448276,0.0
148,37:0,37,-0.0642114184297446,0.5000000000000001,-0.8636416466007416,0.16666666666666666,0.20689655172413793,0.0
149,37:1,38,-0.0642114184297446,-0.4999999999999998,-0.8636416466007417,0.3333333333333333,0.20689655172413793,0.0
150,37:2,44,-0.05725150132585084,-0.4999999999999998,-0.8641309308177414,0.3333333333333333,0.2413793103448276,0.0
151,37:3,43,-0.057251501325850836,0.5000000000000001,-0.8641309308177413,0.16666666666666666,0.2413793103448276,0.0
152,38:0,38,-0.0642114184297446,-0.4999999999999998,-0.8636416466007417,0.3333333333333333,0.20689655172413793,0.0
153,38:1,39,-9.080138723998834e-18,-1.0,-1.2212759273551377e-16,0.5,0.20689655172413793,0.0
154,38:2,45,-8.095936624803143e-18,-1.0,-1.221967824322136e-16,0.5,0.2413793103448276,0.0
155,38:3,44,-0.05725150132585084,-0.4999999999999998,-0.8641309308177414,0.3333333333333333,0.2413793103448276,0.0
156,39:0,39,-9.080138723998834e-18,-1.0,-1.2212759273551377e-16,0.5,0.20689655172413793,0.0
157,39:1,40,0.06421141842974458,-0.5000000000000004,0.8636416466007415,0.6666666666666666,0.20689655172413793,0.0
158,39:2,46,0.05725150132585082,-0.5000000000000004,0.8641309308177412,0.6666666666666666,0.2413793103448276,0.0
159,39:3,45,-8.095936624803143e-18,-1.0,-1.221967824322136e-16,0.5,0.2413793103448276,0.0
160,40:0,40,0.06421141842974458,-0.5000000000000004,0.8636416466007415,0.6666666666666666,0.20689655172413793,0.0
161,40:1,41,0.06421141842974462,0.49999999999999933,0.863641646600742,0.8333333333333334,0.20689655172413793,0.0
162,40:2,47,0.05725150132585086,0.49999999999999933,0.8641309308177417,0.8333333333333334,0.2413793103448276,0.0
163,40:3,46,0.05725150132585082,-0.5000000000000004,0.8641309308177412,0.6666666666666666,0.2413793103448276,0.0
164,41:0,41,0.06421141842974462,0.49999999999999933,0.863641646600742,0.8333333333333334,0.20689655172413793,0.0
165,41:1,36,0.0,1.0,0.0,1.0,0.20689655172413793,0.0
166,41:2,42,0.0,1.0,0.0,1.0,0.2413793103448276,0.0
167,41:3,47,0.05725150132585086,0.49999999999999933,0.8641309308177417,0.8333333333333334,0.2413793103448276,0.0
168,42:0,42,0.0,1.0,0.0,0.0,0.2413793103448276,0.0
169,42:1,43,-0.057251501325850836,0.5000000000000001,-0.8641309308177413,0.16666666666666666,0.2413793103448276,0.0
170,42:2,49,-0.047444131305114344,0.5000000000000001,-0.8647248431753901,0.16666666666666666,0.27586206896551724,0.0
171,42:3,48,0.0,1.0,0.0,0.0,0.27586206896551724,0.0
172,43:0,43,-0.057251501325850836,0.5000000000000001,-0.8641309308177413,0.16666666666666666,0.2413793103448276,0.0
173,43:1,44,-0.05725150132585084,-0.4999999999999998,-0.8641309308177414,0.3333333333333333,0.2413793103448276,0.0
174,43:2,50,-0.04744413130511435,-0.4999999999999998,-0.8647248431753902,0.3333333333333333,0.27586206896551724,0.0
175,43:3,49,-0.047444131305114344,0.5000000000000001,-0.8647248431753901,0.16666666666666666,0.27586206896551724,0.0
176,44:0,44,-0.05725150132585084,-0.4999999999999998,-0.8641309308177414,0.3333333333333333,0.2413793103448276,0.0
177,44:1,45,-8.095936624803143e-18,-1.0,-1.221967824322136e-16,0.5,0.2413793103448276,0.0
178,44:2,51,-6.70907611800233e-18,-1.0,-1.2228076759761296e-16,0.5,0.27586206896551724,0.0
179,44:3,50,-0.04744413130511435,-0.4999999999999998,-0.8647248431753902,0.3333333333333333,0.27586206896551724,0.0
180,45:0,45,-8.095936624803143e-18,-1.0,-1.221967824322136e-16,0.5,0.2413793103448276,0.0
181,45:1,46,0.05725150132585082,-0.5000000000000004,0.8641309308177412,0.6666666666666666,0.2413793103448276,0.0
182,45:2,52,0.04744413130511434,-0.5000000000000004,0.86472484317539,0.6666666666666666,0.27586206896551724,0.0
183,45:3,51,-6.70907611800233e-18,-1.0,-1.2228076759761296e-16,0.5,0.27586206896551724,0.0
184,46:0,46,0.05725150132585082,-0.5000000000000004,0.8641309308177412,0.6666666666666666,0.2413793103448276,0.0
185,46:1,47,0.05725150132585086,0.49999999999999933,0.8641309308177417,0.8333333333333334,0.2413793103448276,0.0
186,46:2,53,0.047444131305114365,0.49999999999999933,0.8647248431753906,0.8333333333333334,0.27586206896551724,0.0
187,46:3,52,0.04744413130511434,-0.5000000000000004,0.86472484317539,0.6666666666666666,0.27586206896551724,0.0
188,47:0,47,0.05725150132585086,0.49999999999999933,0.8641309308177417,0.8333333333333334,0.2413793103448276,0.0
189,47:1,42,0.0,1.0,0.0,1.0,0.2413793103448276,0.0
190,47:2,48,0.0,1.0,0.0,1.0,0.27586206896551724,0.0
191,47:3,53,0.047444131305114365,0.49999999999999933,0.8647248431753906,0.8333333333333334,0.27586206896551724,0.0
192,48:0,48,0.0,1.0,0.0,0.0,0.27586206896551724,0.0
193,48:1,49,-0.047444131305114344,0.5000000000000001,-0.8647248431753901,0.16666666666666666,0.27586206896551724,0.0
194,48:2,55,-0.033933616162944054,0.5000000000000001,-0.8653603351749525,0.16666666666666666,0.3103448275862069,0.0
195,48:3,54,0.0,1.0,0.0,0.0,0.3103448275862069,0.0
196,49:0,49,-0.047444131305114344,0.5000000000000001,-0.8647248431753901,0.16666666666666666,0.27586206896551724,0.0
197,49:1,50,-0.04744413130511435,-0.4999999999999998,-0.8647248431753902,0.3333333333333333,0.27586206896551724,0.0
198,49:2,56,-0.033933616162944054,-0.4999999999999998,-0.8653603351749526,0.3333333333333333,0.3103448275862069,0.0
199,49:3,55,-0.033933616162944054,0.5000000000000001,-0.8653603351749525,0.16666666666666666,0.3103448275862069,0.0
200,50:0,50,-0.04744413130511435,-0.4999999999999998,-0.8647248431753902,0.3333333333333333,0.27586206896551724,0.0
201,50:1,51,-6.70907611800233e-18,-1.0,-1.2228076759761296e-16,0.5,0.27586206896551724,0.0
202,50:2,57,-4.7985537417085e-18,-1.0,-1.2237063254149876e-16,0.5,0.3103448275862069,0.0
203,50:3,56,-0.033933616162944054,-0.4999999999999998,-0.8653603351749526,0.3333333333333333,0.3103448275862069,0.0
204,51:0,51,-6.70907611800233e-18,-1.0,-1.2228076759761296e-16,0.5,0.27586206896551724,0.0
205,51:1,52,0.04744413130511434,-0.5000000000000004,0.86472484317539,0.6666666666666666,0.27586206896551724,0.0
206,51:2,58,0.03393361616294405,-0.5000000000000004,0.8653603351749524,0.6666666666666666,0.3103448275862069,0.0
207,51:3,57,-4.7985537417085e-18,-1.0,-1.2237063254149876e-16,0.5,0.3103448275862069,0.0
208,52:0,52,0.04744413130511434,-0.5000000000000004,0.86472484317539,0.6666666666666666,0.27586206896551724,0.0
209,52:1,53,0.047444131305114365,0.49999999999999933,0.8647248431753906,0.8333333333333334,0.27586206896551724,0.0
210,52:2,59,0.03393361616294407,0.49999999999999933,0.8653603351749529,0.8333333333333334,0.3103448275862069,0.0
211,52:3,58,0.03393361616294405,-0.5000000000000004,0.8653603351749524,0.6666666666666666,0.3103448275862069,0.0
212,53:0,53,0.047444131305114365,0.49999999999999933,0.8647248431753906,0.8333333333333334,0.27586206896551724,0.0
213,53:1,48,0.0,1.0,0.0,1.0,0.27586206896551724,0.0
214,53:2,54,0.0,1.0,0.0,1.0,0.3103448275862069,0.0
215,53:3,59,0.03393361616294407,0.49999999999999933,0.8653603351749529,0.8333333333333334,0.3103448275862069,0.0
216,54:0,54,0.0,1.0,0.0,0.0,0.3103448275862069,0.0
217,54:1,55,-0.033933616162944054,0.5000000000000001,-0.8653603351749525,0.16666666666666666,0.3103448275862069,0.0
218,54:2,61,-0.01502995906620583,0.5000000000000001,-0.8658949707270901,0.16666666666666666,0.3448275862068966,0.0
219,54:3,60,0.0,1.0,0.0,0.0,0.3448275862068966,0.0
220,55:0,55,-0.033933616162944054,0.5000000000000001,-0.8653603351749525,0.16666666666666666,0.3103448275862069,0.0
221,55:1,56,-0.033933616162944054,-0.4999999999999998,-0.8653603351749526,0.3333333333333333,0.3103448275862069,0.0
222,55:2,62,-0.015029959066205831,-0.4999999999999998,-0.8658949707270902,0.3333333333333333,0.3448275862068966,0.0
223,55:3,61,-0.01502995906620583,0.5000000000000001,-0.8658949707270901,0.16666666666666666,0.3448275862068966,0.0
224,56:0,56,-0.033933616162944054,-0.4999999999999998,-0.8653603351749526,0.3333333333333333,0.3103448275862069,0.0
225,56:1,57,-4.7985537417085e-18,-1.0,-1.2237063254149876e-16,0.5,0.3103448275862069,0.0
226,56:2,63,-2.125386989955577e-18,-1.0,-1.2244623537194398e-16,0.5,0.3448275862068966,0.0
227,56:3,62,-0.015029959066205831,-0.4999999999999998,-0.8658949707270902,0.3333333333333333,0.3448275862068966,0.0
228,57:0,57,-4.7985537417085e-18,-1.0,-1.2237063254149876e-16,0.5,0.3103448275862069,0.0
229,57:1,58,0.03393361616294405,-0.5000000000000004,0.8653603351749524,0.6666666666666666,0.3103448275862069,0.0
230,57:2,64,0.015029959066205828,-0.5000000000000004,0.86589497072709,0.6666666666666666,0.3448275862068966,0.0
231,57:3,63,-2.125386989955577e-18,-1.0,-1.2244623537194398e-16,0.5,0.3448275862068966,0.0
232,58:0,58,0.03393361616294405,-0.5000000000000004,0.8653603351749524,0.6666666666666666,0.3103448275862069,0.0
233,58:1,59,0.03393361616294407,0.49999999999999933,0.8653603351749529,0.8333333333333334,0.3103448275862069,0.0
234,58:2,65,0.015029959066205837,0.49999999999999933,0.8658949707270905,0.8333333333333334,0.3448275862068966,0.0
235,58:3,64,0.015029959066205828,-0.5000000000000004,0.86589497072709,0.6666666666666666,0.3448275862068966,0.0
236,59:0,59,0.03393361616294407,0.49999999999999933,0.8653603351749529,0.8333333333333334,0.3103448275862069,0.0
237,59:1,54,0.0,1.0,0.0,1.0,0.3103448275862069,0.0
238,59:2,60,0.0,1.0,0.0,1.0,0.3448275862068966,0.0
239,59:3,65,0.015029959066205837,0.49999999999999933,0.8658949707270905,0.8333333333333334,0.3448275862068966,0.0
240,60:0,60,0.0,1.0,0.0,0.0,0.3448275862068966,0.0
241,60:1,61,-0.01502995906620583,0.5000000000000001,-0.8658949707270901,0.16666666666666666,0.3448275862068966,0.0
242,60:2,67,0.012753679861280585,0.5000000000000001,-0.8659314890047572,0.16666666666666666,0.3793103448275862,0.0
243,60:3,66,0.0,1.0,0.0,0.0,0.3793103448275862,0.0
244,61:0,61,-0.01502995906620583,0.5000000000000001,-0.8658949707270901,0.16666666666666666,0.3448275862068966,0.0
245,61:1,62,-0.015029959066205831,-0.4999999999999998,-0.8658949707270902,0.3333333333333333,0.3448275862068966,0.0
246,61:2,68,0.012753679861280587,-0.4999999999999998,-0.8659314890047574,0.3333333333333333,0.3793103448275862,0.0
247,61:3,67,0.012753679861280585,0.5000000000000001,-0.8659314890047572,0.16666666666666666,0.3793103448275862,0.0
248,62:0,62,-0.015029959066205831,-0.4999999999999998,-0.8658949707270902,0.3333333333333333,0.3448275862068966,0.0
249,62:1,63,-2.125386989955577e-18,-1.0,-1.2244623537194398e-16,0.5,0.3448275862068966,0.0
250,62:2,69,1.8034982751331594e-18,-1.0,-1.2245139942275127e-16,0.5,0.3793103448275862,0.0
251,62:3,68,0.012753679861280587,-0.4999999999999998,-0.8659314890047574,0.3333333333333333,0.3793103448275862,0.0
252,63:0,63,-2.125386989955577e-18,-1.0,-1.2244623537194398e-16,0.5,0.3448275862068966,0.0
253,63:1,64,0.015029959066205828,-0.5000000000000004,0.86589497072709,0.6666666666666666,0.3448275862068966,0.0
254,63:2,70,-0.012753679861280584,-0.5000000000000004,0.8659314890047571,0.6666666666666666,0.3793103448275862,0.0
255,63:3,69,1.8034982751331594e-18,-1.0,-1.2245139942275127e-16,0.5,0.3793103448275862,0.0
256,64:0,64,0.015029959066205828,-0.5000000000000004,0.86589497072709,0.6666666666666666,0.3448275862068966,0.0
257,64:1,65,0.015029959066205837,0.49999999999999933,0.8658949707270905,0.8333333333333334,0.3448275862068966,0.0
258,64:2,71,-0.012753679861280592,0.49999999999999933,0.8659314890047577,0.8333333333333334,0.3793103448275862,0.0
259,64:3,70,-0.012753679861280584,-0.5000000000000004,0.8659314890047571,0.6666666666666666,0.3793103448275862,0.0
260,65:0,65,0.015029959066205837,0.49999999999999933,0.8658949707270905,0.8333333333333334,0.3448275862068966,0.0
261,65:1,60,0.0,1.0,0.0,1.0,0.3448275862068966,0.0
262,65:2,66,0.0,1.0,0.0,1.0,0.3793103448275862,0.0
263,65:3,71,-0.012753679861280592,0.49999999999999933,0.8659314890047577,0.8333333333333334,0.3793103448275862,0.0
264,66:0,66,0.0,1.0,0.0,0.0,0.3793103448275862,0.0
265,66:1,67,0.012753679861280585,0.5000000000000001,-0.8659314890047572,0.16666666666666666,0.3793103448275862,0.0
266,66:2,73,0.05783370434595154,0.5000000000000001,-0.864092160965267,0.16666666666666666,0.41379310344827586,0.0
267,66:3,72,0.0,1.0,0.0,0.0,0.41379310344827586,0.0
268,67:0,67,0.012753679861280585,0.5000000000000001,-0.8659314890047572,0.16666666666666666,0.3793103448275862,0.0
269,67:1,68,0.012753679861280587,-0.4999999999999998,-0.8659314890047574,0.3333333333333333,0.3793103448275862,0.0
270,67:2,74,0.057833704345951545,-0.4999999999999998,-0.8640921609652671,0.3333333333333333,0.41379310344827586,0.0
271,67:3,73,0.05783370434595154,0.5000000000000001,-0.864092160965267,0.16666666666666666,0.41379310344827586,0.0
272,68:0,68,0.012753679861280587,-0.4999999999999998,-0.8659314890047574,0.3333333333333333,0.3793103448275862,0.0
273,68:1,69,1.8034982751331594e-18,-1.0,-1.2245139942275127e-16,0.5,0.3793103448275862,0.0
274,68:2,75,8.178265972407099e-18,-1.0,-1.2219129998614118e-16,0.5,0.41379310344827586,0.0
275,68:3,74,0.057833704345951545,-0.4999999999999998,-0.8640921609652671,0.3333333333333333,0.41379310344827586,0.0
276,69:0,69,1.8034982751331594e-18,-1.0,-1.2245139942275127e-16,0.5,0.3793103448275862,0.0
277,69:1,70,-0.012753679861280584,-0.5000000000000004,0.8659314890047571,0.6666666666666666,0.3793103448275862,0.0
278,69:2,76,-0.05783370434595153,-0.5000000000000004,0.8640921609652669,0.6666666666666666,0.41379310344827586,0.0
279,69:3,75,8.178265972407099e-18,-1.0,-1.2219129998614118e-16,0.5,0.41379310344827586,0.0
280,70:0,70,-0.012753679861280584,-0.5000000000000004,0.8659314890047571,0.6666666666666666,0.3793103448275862,0.0
281,70:1,71,-0.012753679861280592,0.49999999999999933,0.8659314890047577,0.8333333333333334,0.3793103448275862,0.0
282,70:2,77,-0.057833704345951566,0.49999999999999933,0.8640921609652674,0.8333333333333334,0.41379310344827586,0.0
283,70:3,76,-0.05783370434595153,-0.5000000000000004,0.8640921609652669,0.6666666666666666,0.41379310344827586,0.0
284,71:0,71,-0.012753679861280592,0.49999999999999933,0.8659314890047577,0.8333333333333334,0.3793103448275862,0.0
285,71:1,66,0.0,1.0,0.0,1.0,0.3793103448275862,0.0
286,71:2,72,0.0,1.0,0.0,1.0,0.41379310344827586,0.0
287,71:3,77,-0.057833704345951566,0.49999999999999933,0.8640921609652674,0.8333333333333334,0.41379310344827586,0.0
288,72:0,72,0.0,1.0,0.0,0.0,0.41379310344827586,0.0
289,72:1,73,0.05783370434595154,0.5000000000000001,-0.864092160965267,0.16666666666666666,0.41379310344827586,0.0
290,72:2,79,0.1484700558028129,0.5000000000000001,-0.8532037520603796,0.16666666666666666,0.4482758620689655,0.0
291,72:3,78,0.0,1.0,0.0,0.0,0.4482758620689655,0.0
292,73:0,73,0.05783370434595154,0.5000000000000001,-0.864092160965267,0.16666666666666666,0.41379310344827586,0.0
293,73:1,74,0.057833704345951545,-0.4999999999999998,-0.8640921609652671,0.3333333333333333,0.41379310344827586,0.0
294,73:2,80,0.1484700558028129,-0.4999999999999998,-0.8532037520603797,0.3333333333333333,0.4482758620689655,0.0
295,73:3,79,0.1484700558028129,0.5000000000000001,-0.8532037520603796,0.16666666666666666,0.4482758620689655,0.0
296,74:0,74,0.057833704345951545,-0.4999999999999998,-0.8640921609652671,0.3333333333333333,0.41379310344827586,0.0
297,74:1,75,8.178265972407099e-18,-1.0,-1.2219129998614118e-16,0.5,0.41379310344827586,0.0
298,74:2,81,2.0995155316875805e-17,-1.0,-1.2065156973632313e-16,0.5,0.4482758620689655,0.0
299,74:3,80,0.1484700558028129,-0.4999999999999998,-0.8532037520603797,0.3333333333333333,0.4482758620689655,0.0
300,75:0,75,8.178265972407099e-18,-1.0,-1.2219129998614118e-16,0.5,0.41379310344827586,0.0
301,75:1,76,-0.05783370434595153,-0.5000000000000004,0.8640921609652669,0.6666666666666666,0.41379310344827586,0.0
302,75:2,82,-0.14847005580281286,-0.5000000000000004,0.8532037520603795,0.6666666666666666,0.4482758620689655,0.0
303,75:3,81,2.0995155316875805e-17,-1.0,-1.2065156973632313e-16,0.5,0.4482758620689655,0.0
304,76:0,76,-0.05783370434595153,-0.5000000000000004,0.8640921609652669,0.6666666666666666,0.41379310344827586,0.0
305,76:1,77,-0.057833704345951566,0.49999999999999933,0.8640921609652674,0.8333333333333334,0.41379310344827586,0.0
306,76:2,83,-0.14847005580281294,0.49999999999999933,0.85320375206038,0.8333333333333334,0.4482758620689655,0.0
307,76:3,82,-0.14847005580281286,-0.5000000000000004,0.8532037520603795,0.6666666666666666,0.4482758620689655,0.0
308,77:0,77,-0.057833704345951566,0.49999999999999933,0.8640921609652674,0.8333333333333334,0.41379310344827586,0.0
309,77:1,72,0.0,1.0,0.0,1.0,0.41379310344827586,0.0
310,77:2,78,0.0,1.0,0.0,1.0,0.4482758620689655,0.0
311,77:3,83,-0.14847005580281294,0.49999999999999933,0.85320375206038,0.8333333333333334,0.4482758620689655,0.0
312,78:0,78,0.0,1.0,0.0,0.0,0.4482758620689655,0.0
313,78:1,79,0.1484700558028129,0.5000000000000001,-0.8532037520603796,0.16666666666666666,0.4482758620689655,0.0
314,78:2,85,0.42344825360747845,0.5000000000000001,-0.7554413124239212,0.16666666666666666,0.4827586206896552,0.0
315,78:3,84,0.0,1.0,0.0,0.0,0.4827586206896552,0.0
316,79:0,79,0.1484700558028129,0.5000000000000001,-0.8532037520603796,0.16666666666666666,0.4482758620689655,0.0
317,79:1,80,0.1484700558028129,-0.4999999999999998,-0.8532037520603797,0.3333333333333333,0.4482758620689655,0.0
318,79:2,86,0.4234482536074785,-0.4999999999999998,-0.7554413124239213,0.3333333333333333,0.4827586206896552,0.0
319,79:3,85,0.42344825360747845,0.5000000000000001,-0.7554413124239212,0.16666666666666666,0.4827586206896552,0.0
320,80:0,80,0.1484700558028129,-0.4999999999999998,-0.8532037520603797,0.3333333333333333,0.4482758620689655,0.0
321,80:1,81,2.0995155316875805e-17,-1.0,-1.2065156973632313e-16,0.5,0.4482758620689655,0.0
322,80:2,87,5.987983102098619e-17,-1.0,-1.0682698003555431e-16,0.5,0.4827586206896552,0.0
323,80:3,86,0.4234482536074785,-0.4999999999999998,-0.7554413124239213,0.3333333333333333,0.4827586206896552,0.0
324,81:0,81,2.0995155316875805e-17,-1.0,-1.2065156973632313e-16,0.5,0.4482758620689655,0.0
325,81:1,82,-0.14847005580281286,-0.5000000000000004,0.8532037520603795,0.6666666666666666,0.4482758620689655,0.0
326,81:2,88,-0.4234482536074784,-0.5000000000000004,0.7554413124239211,0.6666666666666666,0.4827586206896552,0.0
327,81:3,87,5.987983102098619e-17,-1.0,-1.0682698003555431e-16,0.5,0.4827586206896552,0.0
328,82:0,82,-0.14847005580281286,-0.5000000000000004,0.8532037520603795,0.6666666666666666,0.4482758620689655,0.0
329,82:1,83,-0.14847005580281294,0.49999999999999933,0.85320375206038,0.8333333333333334,0.4482758620689655,0.0
330,82:2,89,-0.4234482536074787,0.49999999999999933,0.7554413124239217,0.8333333333333334,0.4827586206896552,0.0
331,82:3,88,-0.4234482536074784,-0.5000000000000004,0.7554413124239211,0.6666666666666666,0.4827586206896552,0.0
332,83:0,83,-0.14847005580281294,0.49999999999999933,0.85320375206038,0.8333333333333334,0.4482758620689655,0.0
333,83:1,78,0.0,1.0,0.0,1.0,0.4482758620689655,0.0
334,83:2,84,0.0,1.0,0.0,1.0,0.4827586206896552,0.0
335,83:3,89,-0.4234482536074787,0.49999999999999933,0.7554413124239217,0.8333333333333334,0.4827586206896552,0.0
336,84:0,84,0.0,1.0,0.0,0.0,0.4827586206896552,0.0
337,84:1,85,0.42344825360747845,0.5000000000000001,-0.7554413124239212,0.16666666666666666,0.4827586206896552,0.0
338,84:2,91,0.7554413655159233,0.5000000000000001,-0.42344815889012566,0.16666666666666666,0.5172413793103449,0.0
339,84:3,90,0.0,1.0,0.0,0.0,0.5172413793103449,0.0
340,85:0,85,0.42344825360747845,0.5000000000000001,-0.7554413124239212,0.16666666666666666,0.4827586206896552,0.0
341,85:1,86,0.4234482536074785,-0.4999999999999998,-0.7554413124239213,0.3333333333333333,0.4827586206896552,0.0
342,85:2,92,0.7554413655159234,-0.4999999999999998,-0.4234481588901257,0.3333333333333333,0.5172413793103449,0.0
343,85:3,91,0.7554413655159233,0.5000000000000001,-0.42344815889012566,0.16666666666666666,0.5172413793103449,0.0
344,86:0,86,0.4234482536074785,-0.4999999999999998,-0.7554413124239213,0.3333333333333333,0.4827586206896552,0.0
345,86:1,87,5.987983102098619e-17,-1.0,-1.0682698003555431e-16,0.5,0.4827586206896552,0.0
346,86:2,93,1.0682698754329602e-16,-1.0,-5.987981762700231e-17,0.5,0.5172413793103449,0.0
347,86:3,92,0.7554413655159234,-0.4999999999999998,-0.4234481588901257,0.3333333333333333,0.5172413793103449,0.0
348,87:0,87,5.987983102098619e-17,-1.0,-1.0682698003555431e-16,0.5,0.4827586206896552,0.0
349,87:1,88,-0.4234482536074784,-0.5000000000000004,0.7554413124239211,0.6666666666666666,0.4827586206896552,0.0
350,87:2,94,-0.7554413655159232,-0.5000000000000004,0.4234481588901256,0.6666666666666666,0.5172413793103449,0.0
351,87:3,93,1.0682698754329602e-16,-1.0,-5.987981762700231e-17,0.5,0.5172413793103449,0.0
352,88:0,88,-0.4234482536074784,-0.5000000000000004,0.7554413124239211,0.6666666666666666,0.4827586206896552,0.0
353,88:1,89,-0.4234482536074787,0.49999999999999933,0.7554413124239217,0.8333333333333334,0.4827586206896552,0.0
354,88:2,95,-0.7554413655159238,0.49999999999999933,0.4234481588901259,0.8333333333333334,0.5172413793103449,0.0
355,88:3,94,-0.7554413655159232,-0.5000000000000004,0.4234481588901256,0.6666666666666666,0.5172413793103449,0.0
356,89:0,89,-0.4234482536074787,0.49999999999999933,0.7554413124239217,0.8333333333333334,0.4827586206896552,0.0
357,89:1,84,0.0,1.0,0.0,1.0,0.4827586206896552,0.0
358,89:2,90,0.0,1.0,0.0,1.0,0.5172413793103449,0.0
359,89:3,95,-0.7554413655159238,0.49999999999999933,0.4234481588901259,0.8333333333333334,0.5172413793103449,0.0
360,90:0,90,0.0,1.0,0.0,0.0,0.5172413793103449,0.0
361,90:1,91,0.7554413655159233,0.5000000000000001,-0.42344815889012566,0.16666666666666666,0.5172413793103449,0.0
362,90:2,97,0.8532037242426271,0.5000000000000001,-0.14847021566129326,0.16666666666666666,0.5517241379310345,0.0
363,90:3,96,0.0,1.0,0.0,0.0,0.5517241379310345,0.0
364,91:0,91,0.7554413655159233,0.5000000000000001,-0.42344815889012566,0.16666666666666666,0.5172413793103449,0.0
365,91:1,92,0.7554413655159234,-0.4999999999999998,-0.4234481588901257,0.3333333333333333,0.5172413793103449,0.0
366,91:2,98,0.8532037242426272,-0.4999999999999998,-0.1484702156612933,0.3333333333333333,0.5517241379310345,0.0
367,91:3,97,0.8532037242426271,0.5000000000000001,-0.14847021566129326,0.16666666666666666,0.5517241379310345,0.0
368,92:0,92,0.7554413655159234,-0.4999999999999998,-0.4234481588901257,0.3333333333333333,0.5172413793103449,0.0
369,92:1,93,1.0682698754329602e-16,-1.0,-5.987981762700231e-17,0.5,0.5172413793103449,0.0
370,92:2,99,1.2065156580261387e-16,-1.0,-2.0995177922468605e-17,0.5,0.5517241379310345,0.0
371,92:3,98,0.8532037242426272,-0.4999999999999998,-0.1484702156612933,0.3333333333333333,0.5517241379310345,0.0
372,93:0,93,1.0682698754329602e-16,-1.0,-5.987981762700231e-17,0.5,0.5172413793103449,0.0
373,93:1,94,-0.7554413655159232,-0.5000000000000004,0.4234481588901256,0.6666666666666666,0.5172413793103449,0.0
374,93:2,100,-0.853203724242627,-0.5000000000000004,0.14847021566129326,0.6666666666666666,0.5517241379310345,0.0
375,93:3,99,1.2065156580261387e-16,-1.0,-2.0995177922468605e-17,0.5,0.5517241379310345,0.0
376,94:0,94,-0.7554413655159232,-0.5000000000000004,0.4234481588901256,0.6666666666666666,0.5172413793103449,0.0
377,94:1,95,-0.7554413655159238,0.49999999999999933,0.4234481588901259,0.8333333333333334,0.5172413793103449,0.0
378,94:2,101,-0.8532037242426276,0.49999999999999933,0.14847021566129334,0.8333333333333334,0.5517241379310345,0.0
379,94:3,100,-0.853203724242627,-0.5000000000000004,0.14847021566129326,0.6666666666666666,0.5517241379310345,0.0
380,95:0,95,-0.7554413655159238,0.49999999999999933,0.4234481588901259,0.8333333333333334,0.5172413793103449,0.0
381,95:1,90,0.0,1.0,0.0,1.0,0.5172413793103449,0.0
382,95:2,96,0.0,1.0,0.0,1.0,0.5517241379310345,0.0
383,95:3,101,-0.8532037242426276,0.49999999999999933,0.14847021566129334,0.8333333333333334,0.5517241379310345,0.0
384,96:0,96,0.0,1.0,0.0,0.0,0.5517241379310345,0.0
385,96:1,97,0.8532037242426271,0.5000000000000001,-0.14847021566129326,0.16666666666666666,0.5517241379310345,0.0
386,96:2,103,0.8640921555040493,0.5000000000000001,-0.05783378594183328,0.16666666666666666,0.5862068965517241,0.0
387,96:3,102,0.0,1.0,0.0,0.0,0.5862068965517241,0.0
388,97:0,97,0.8532037242426271,0.5000000000000001,-0.14847021566129326,0.16666666666666666,0.5517241379310345,0.0
389,97:1,98,0.8532037242426272,-0.4999999999999998,-0.1484702156612933,0.3333333333333333,0.5517241379310345,0.0
390,97:2,104,0.8640921555040494,-0.4999999999999998,-0.057833785941833284,0.3333333333333333,0.5862068965517241,0.0
391,97:3,103,0.8640921555040493,0.5000000000000001,-0.05783378594183328,0.16666666666666666,0.5862068965517241,0.0
392,98:0,98,0.8532037242426272,-0.4999999999999998,-0.1484702156612933,0.3333333333333333,0.5517241379310345,0.0
393,98:1,99,1.2065156580261387e-16,-1.0,-2.0995177922468605e-17,0.5,0.5517241379310345,0.0
394,98:2,105,1.221912992138702e-16,-1.0,-8.178277510883333e-18,0.5,0.5862068965517241,0.0
395,98:3,104,0.8640921555040494,-0.4999999999999998,-0.057833785941833284,0.3333333333333333,0.5862068965517241,0.0
396,99:0,99,1.2065156580261387e-16,-1.0,-2.0995177922468605e-17,0.5,0.5517241379310345,0.0
397,99:1,100,-0.853203724242627,-0.5000000000000004,0.14847021566129326,0.6666666666666666,0.5517241379310345,0.0
398,99:2,106,-0.8640921555040492,-0.5000000000000004,0.05783378594183327,0.6666666666666666,0.5862068965517241,0.0
399,99:3,105,1.221912992138702e-16,-1.0,-8.178277510883333e-18,0.5,0.5862068965517241,0.0
400,100:0,100,-0.853203724242627,-0.5000000000000004,0.14847021566129326,0.6666666666666666,0.5517241379310345,0.0
401,100:1,101,-0.8532037242426276,0.49999999999999933,0.14847021566129334,0.8333333333333334,0.5517241379310345,0.0
402,100:2,107,-0.8640921555040497,0.49999999999999933,0.05783378594183331,0.8333333333333334,0.5862068965517241,0.0
403,100:3,106,-0.8640921555040492,-0.5000000000000004,0.05783378594183327,0.6666666666666666,0.5862068965517241,0.0
404,101:0,101,-0.8532037242426276,0.49999999999999933,0.14847021566129334,0.8333333333333334,0.5517241379310345,0.0
405,101:1,96,0.0,1.0,0.0,1.0,0.5517241379310345,0.0
406,101:2,102,0.0,1.0,0.0,1.0,0.5862068965517241,0.0
407,101:3,107,-0.8640921555040497,0.49999999999999933,0.05783378594183331,0.8333333333333334,0.5862068965517241,0.0
408,102:0,102,0.0,1.0,0.0,0.0,0.5862068965517241,0.0
409,102:1,103,0.8640921555040493,0.5000000000000001,-0.05783378594183328,0.16666666666666666,0.5862068965517241,0.0
410,102:2,109,0.8659314907488228,0.5000000000000001,-0.012753561444609336,0.16666666666666666,0.6206896551724138,0.0
411,102:3,108,0.0,1.0,0.0,0.0,0.6206896551724138,0.0
412,103:0,103,0.8640921555040493,0.5000000000000001,-0.05783378594183328,0.16666666666666666,0.5862068965517241,0.0
413,103:1,104,0.8640921555040494,-0.4999999999999998,-0.057833785941833284,0.3333333333333333,0.5862068965517241,0.0
414,103:2,110,0.8659314907488229,-0.4999999999999998,-0.012753561444609337,0.3333333333333333,0.6206896551724138,0.0
415,103:3,109,0.8659314907488228,0.5000000000000001,-0.012753561444609336,0.16666666666666666,0.6206896551724138,0.0
416,104:0,104,0.8640921555040494,-0.4999999999999998,-0.057833785941833284,0.3333333333333333,0.5862068965517241,0.0
417,104:1,105,1.221912992138702e-16,-1.0,-8.178277510883333e-18,0.5,0.5862068965517241,0.0
418,104:2,111,1.2245139966937964e-16,-1.0,-1.803481529827909e-18,0.5,0.6206896551724138,0.0
419,104:3,110,0.8659314907488229,-0.4999999999999998,-0.012753561444609337,0.3333333333333333,0.6206896551724138,0.0
420,105:0,105,1.221912992138702e-16,-1.0,-8.178277510883333e-18,0.5,0.5862068965517241,0.0
421,105:1,106,-0.8640921555040492,-0.5000000000000004,0.05783378594183327,0.6666666666666666,0.5862068965517241,0.0
422,105:2,112,-0.8659314907488227,-0.5000000000000004,0.012753561444609334,0.6666666666666666,0.6206896551724138,0.0
423,105:3,111,1.2245139966937964e-16,-1.0,-1.803481529827909e-18,0.5,0.6206896551724138,0.0
424,106:0,106,-0.8640921555040492,-0.5000000000000004,0.05783378594183327,0.6666666666666666,0.5862068965517241,0.0
425,106:1,107,-0.8640921555040497,0.49999999999999933,0.05783378594183331,0.8333333333333334,0.5862068965517241,0.0
426,106:2,113,-0.8659314907488233,0.49999999999999933,0.012753561444609342,0.8333333333333334,0.6206896551724138,0.0
427,106:3,112,-0.8659314907488227,-0.5000000000000004,0.012753561444609334,0.6666666666666666,0.6206896551724138,0.0
428,107:0,107,-0.8640921555040497,0.49999999999999933,0.05783378594183331,0.8333333333333334,0.5862068965517241,0.0
429,107:1,102,0.0,1.0,0.0,1.0,0.5862068965517241,0.0
430,107:2,108,0.0,1.0,0.0,1.0,0.6206896551724138,0.0
431,107:3,113,-0.8659314907488233,0.49999999999999933,0.012753561444609342,0.8333333333333334,0.6206896551724138,0.0
432,108:0,108,0.0,1.0,0.0,0.0,0.6206896551724138,0.0
433,108:1,109,0.8659314907488228,0.5000000000000001,-0.012753561444609336,0.16666666666666666,0.6206896551724138,0.0
434,108:2,115,0.8658949691197311,0.5000000000000001,0.015030051667908023,0.16666666666666666,0.6551724137931034,0.0
435,108:3,114,0.0,1.0,0.0,0.0,0.6551724137931034,0.0
436,109:0,109,0.8659314907488228,0.5000000000000001,-0.012753561444609336,0.16666666666666666,0.6206896551724138,0.0
437,109:1,110,0.8659314907488229,-0.4999999999999998,-0.012753561444609337,0.3333333333333333,0.6206896551724138,0.0
438,109:2,116,0.8658949691197312,-0.4999999999999998,0.015030051667908025,0.3333333333333333,0.6551724137931034,0.0
439,109:3,115,0.8658949691197311,0.5000000000000001,0.015030051667908023,0.16666666666666666,0.6551724137931034,0.0
440,110:0,110,0.8659314907488229,-0.4999999999999998,-0.012753561444609337,0.3333333333333333,0.6206896551724138,0.0
441,110:1,111,1.2245139966937964e-16,-1.0,-1.803481529827909e-18,0.5,0.6206896551724138,0.0
442,110:2,117,1.224462351446473e-16,-1.0,2.125400084765232e-18,0.5,0.6551724137931034,0.0
443,110:3,116,0.8658949691197312,-0.4999999999999998,0.015030051667908025,0.3333333333333333,0.6551724137931034,0.0
444,111:0,111,1.2245139966937964e-16,-1.0,-1.803481529827909e-18,0.5,0.6206896551724138,0.0
445,111:1,112,-0.8659314907488227,-0.5000000000000004,0.012753561444609334,0.6666666666666666,0.6206896551724138,0.0
446,111:2,118,-0.865894969119731,-0.5000000000000004,-0.015030051667908021,0.6666666666666666,0.6551724137931034,0.0
447,111:3,117,1.224462351446473e-16,-1.0,2.125400084765232e-18,0.5,0.6551724137931034,0.0
448,112:0,112,-0.8659314907488227,-0.5000000000000004,0.012753561444609334,0.6666666666666666,0.6206896551724138,0.0
449,112:1,113,-0.8659314907488233,0.49999999999999933,0.012753561444609342,0.8333333333333334,0.6206896551724138,0.0
450,112:2,119,-0.8658949691197315,0.49999999999999933,-0.015030051667908032,0.8333333333333334,0.6551724137931034,0.0
451,112:3,118,-0.865894969119731,-0.5000000000000004,-0.015030051667908021,0.6666666666666666,0.6551724137931034,0.0
452,113:0,113,-0.8659314907488233,0.49999999999999933,0.012753561444609342,0.8333333333333334,0.6206896551724138,0.0
453,113:1,108,0.0,1.0,0.0,1.0,0.6206896551724138,0.0
454,113:2,114,0.0,1.0,0.0,1.0,0.6551724137931034,0.0
455,113:3,119,-0.8658949691197315,0.49999999999999933,-0.015030051667908032,0.8333333333333334,0.6551724137931034,0.0
456,114:0,114,0.0,1.0,0.0,0.0,0.6551724137931034,0.0
457,114:1,115,0.8658949691197311,0.5000000000000001,0.015030051667908023,0.16666666666666666,0.6551724137931034,0.0
458,114:2,121,0.8653603391199861,0.5000000000000001,0.033933515558259304,0.16666666666666666,0.6896551724137931,0.0
459,114:3,120,0.0,1.0,0.0,0.0,0.6896551724137931,0.0
460,115:0,115,0.8658949691197311,0.5000000000000001,0.015030051667908023,0.16666666666666666,0.6551724137931034,0.0
461,115:1,116,0.8658949691197312,-0.4999999999999998,0.015030051667908025,0.3333333333333333,0.6551724137931034,0.0
462,115:2,122,0.8653603391199862,-0.4999999999999998,0.03393351555825931,0.3333333333333333,0.6896551724137931,0.0
463,115:3,121,0.8653603391199861,0.5000000000000001,0.033933515558259304,0.16666666666666666,0.6896551724137931,0.0
464,116:0,116,0.8658949691197312,-0.4999999999999998,0.015030051667908025,0.3333333333333333,0.6551724137931034,0.0
465,116:1,117,1.224462351446473e-16,-1.0,2.125400084765232e-18,0.5,0.6551724137931034,0.0
466,116:2,123,1.2237063309936608e-16,-1.0,4.798539515196828e-18,0.5,0.6896551724137931,0.0
467,116:3,122,0.8653603391199862,-0.4999999999999998,0.03393351555825931,0.3333333333333333,0.6896551724137931,0.0
468,117:0,117,1.224462351446473e-16,-1.0,2.125400084765232e-18,0.5,0.6551724137931034,0.0
469,117:1,118,-0.865894969119731,-0.5000000000000004,-0.015030051667908021,0.6666666666666666,0.6551724137931034,0.0
470,117:2,124,-0.865360339119986,-0.5000000000000004,-0.033933515558259304,0.6666666666666666,0.6896551724137931,0.0
471,117:3,123,1.2237063309936608e-16,-1.0,4.798539515196828e-18,0.5,0.6896551724137931,0.0
472,118:0,118,-0.865894969119731,-0.5000000000000004,-0.015030051667908021,0.6666666666666666,0.6551724137931034,0.0
473,118:1,119,-0.8658949691197315,0.49999999999999933,-0.015030051667908032,0.8333333333333334,0.6551724137931034,0.0
474,118:2,125,-0.8653603391199866,0.49999999999999933,-0.033933515558259325,0.8333333333333334,0.6896551724137931,0.0
475,118:3,124,-0.865360339119986,-0.5000000000000004,-0.033933515558259304,0.6666666666666666,0.6896551724137931,0.0
476,119:0,119,-0.8658949691197315,0.49999999999999933,-0.015030051667908032,0.8333333333333334,0.6551724137931034,0.0
477,119:1,114,0.0,1.0,0.0,1.0,0.6551724137931034,0.0
478,119:2,120,0.0,1.0,0.0,1.0,0.6896551724137931,0.0
479,119:3,125,-0.8653603391199866,0.49999999999999933,-0.033933515558259325,0.8333333333333334,0.6896551724137931,0.0
480,120:0,120,0.0,1.0,0.0,0.0,0.6896551724137931,0.0
481,120:1,121,0.8653603391199861,0.5000000000000001,0.033933515558259304,0.16666666666666666,0.6896551724137931,0.0
482,120:2,127,0.8647248456522268,0.5000000000000001,0.04744408616184248,0.16666666666666666,0.7241379310344828,0.0
483,120:3,126,0.0,1.0,0.0,0.0,0.7241379310344828,0.0
484,121:0,121,0.8653603391199861,0.5000000000000001,0.033933515558259304,0.16666666666666666,0.6896551724137931,0.0
485,121:1,122,0.8653603391199862,-0.4999999999999998,0.03393351555825931,0.3333333333333333,0.6896551724137931,0.0
486,121:2,128,0.864724845652227,-0.4999999999999998,0.04744408616184249,0.3333333333333333,0.7241379310344828,0.0
487,121:3,127,0.8647248456522268,0.5000000000000001,0.04744408616184248,0.16666666666666666,0.7241379310344828,0.0
488,122:0,122,0.8653603391199862,-0.4999999999999998,0.03393351555825931,0.3333333333333333,0.6896551724137931,0.0
489,122:1,123,1.2237063309936608e-16,-1.0,4.798539515196828e-18,0.5,0.6896551724137931,0.0
490,122:2,129,1.2228076794786251e-16,-1.0,6.7090697342908186e-18,0.5,0.7241379310344828,0.0
491,122:3,128,0.864724845652227,-0.4999999999999998,0.04744408616184249,0.3333333333333333,0.7241379310344828,0.0
492,123:0,123,1.2237063309936608e-16,-1.0,4.798539515196828e-18,0.5,0.6896551724137931,0.0
493,123:1,124,-0.865360339119986,-0.5000000000000004,-0.033933515558259304,0.6666666666666666,0.6896551724137931,0.0
494,123:2,130,-0.8647248456522267,-0.5000000000000004,-0.04744408616184247,0.6666666666666666,0.7241379310344828,0.0
495,123:3,129,1.2228076794786251e-16,-1.0,6.7090697342908186e-18,0.5,0.7241379310344828,0.0
496,124:0,124,-0.865360339119986,-0.5000000000000004,-0.033933515558259304,0.6666666666666666,0.6896551724137931,0.0
497,124:1,125,-0.8653603391199866,0.49999999999999933,-0.033933515558259325,0.8333333333333334,0.6896551724137931,0.0
498,124:2,131,-0.8647248456522273,0.49999999999999933,-0.0474440861618425,0.8333333333333334,0.7241379310344828,0.0
499,124:3,130,-0.8647248456522267,-0.5000000000000004,-0.04744408616184247,0.6666666666666666,0.7241379310344828,0.0
500,125:0,125,-0.8653603391199866,0.49999999999999933,-0.033933515558259325,0.8333333333333334,0.6896551724137931,0.0
501,125:1,120,0.0,1.0,0.0,1.0,0.6896551724137931,0.0
502,125:2,126,0.0,1.0,0.0,1.0,0.7241379310344828,0.0
503,125:3,131,-0.8647248456522273,0.49999999999999933,-0.0474440861618425,0.8333333333333334,0.7241379310344828,0.0
504,126:0,126,0.0,1.0,0.0,0.0,0.7241379310344828,0.0
505,126:1,127,0.8647248456522268,0.5000000000000001,0.04744408616184248,0.16666666666666666,0.7241379310344828,0.0
506,126:2,133,0.8641309270680971,0.5000000000000001,0.05725155792143017,0.16666666666666666,0.7586206896551724,0.0
507,126:3,132,0.0,1.0,0.0,0.0,0.7586206896551724,0.0
508,127:0,127,0.8647248456522268,0.5000000000000001,0.04744408616184248,0.16666666666666666,0.7241379310344828,0.0
509,127:1,128,0.864724845652227,-0.4999999999999998,0.04744408616184249,0.3333333333333333,0.7241379310344828,0.0
510,127:2,134,0.8641309270680972,-0.4999999999999998,0.05725155792143018,0.3333333333333333,0.7586206896551724,0.0
511,127:3,133,0.8641309270680971,0.5000000000000001,0.05725155792143017,0.16666666666666666,0.7586206896551724,0.0
512,128:0,128,0.864724845652227,-0.4999999999999998,0.04744408616184249,0.3333333333333333,0.7241379310344828,0.0
513,128:1,129,1.2228076794786251e-16,-1.0,6.7090697342908186e-18,0.5,0.7241379310344828,0.0
514,128:2,135,1.2219678190197631e-16,-1.0,8.095944627985819e-18,0.5,0.7586206896551724,0.0
515,128:3,134,0.8641309270680972,-0.4999999999999998,0.05725155792143018,0.3333333333333333,0.7586206896551724,0.0
516,129:0,129,1.2228076794786251e-16,-1.0,6.7090697342908186e-18,0.5,0.7241379310344828,0.0
517,129:1,130,-0.8647248456522267,-0.5000000000000004,-0.04744408616184247,0.6666666666666666,0.7241379310344828,0.0
518,129:2,136,-0.864130927068097,-0.5000000000000004,-0.05725155792143016,0.6666666666666666,0.7586206896551724,0.0
519,129:3,135,1.2219678190197631e-16,-1.0,8.095944627985819e-18,0.5,0.7586206896551724,0.0
520,130:0,130,-0.8647248456522267,-0.5000000000000004,-0.04744408616184247,0.6666666666666666,0.7241379310344828,0.0
521,130:1,131,-0.8647248456522273,0.49999999999999933,-0.0474440861618425,0.8333333333333334,0.7241379310344828,0.0
522,130:2,137,-0.8641309270680976,0.49999999999999933,-0.0572515579214302,0.8333333333333334,0.7586206896551724,0.0
523,130:3,136,-0.864130927068097,-0.5000000000000004,-0.05725155792143016,0.6666666666666666,0.7586206896551724,0.0
524,131:0,131,-0.8647248456522273,0.49999999999999933,-0.0474440861618425,0.8333333333333334,0.7241379310344828,0.0
525,131:1,126,0.0,1.0,0.0,1.0,0.7241379310344828,0.0
526,131:2,132,0.0,1.0,0.0,1.0,0.7586206896551724,0.0
527,131:3,137,-0.8641309270680976,0.49999999999999933,-0.0572515579214302,0.8333333333333334,0.7586206896551724,0.0
528,132:0,132,0.0,1.0,0.0,0.0,0.7586206896551724,0.0
529,132:1,133,0.8641309270680971,0.5000000000000001,0.05725155792143017,0.16666666666666666,0.7586206896551724,0.0
530,132:2,139,0.8636416444813158,0.5000000000000001,0.06421144693595196,0.16666666666666666,0.7931034482758621,0.0
531,132:3,138,0.0,1.0,0.0,0.0,0.7931034482758621,0.0
532,133:0,133,0.8641309270680971,0.5000000000000001,0.05725155792143017,0.16666666666666666,0.7586206896551724,0.0
533,133:1,134,0.8641309270680972,-0.4999999999999998,0.05725155792143018,0.3333333333333333,0.7586206896551724,0.0
534,133:2,140,0.8636416444813159,-0.4999999999999998,0.06421144693595197,0.3333333333333333,0.7931034482758621,0.0
535,133:3,139,0.8636416444813158,0.5000000000000001,0.06421144693595196,0.16666666666666666,0.7931034482758621,0.0
536,134:0,134,0.8641309270680972,-0.4999999999999998,0.05725155792143018,0.3333333333333333,0.7586206896551724,0.0
537,134:1,135,1.2219678190197631e-16,-1.0,8.095944627985819e-18,0.5,0.7586206896551724,0.0
538,134:2,141,1.221275924358057e-16,-1.0,9.080142755062526e-18,0.5,0.7931034482758621,0.0
539,134:3,140,0.8636416444813159,-0.4999999999999998,0.06421144693595197,0.3333333333333333,0.7931034482758621,0.0
540,135:0,135,1.2219678190197631e-16,-1.0,8.095944627985819e-18,0.5,0.7586206896551724,0.0
541,135:1,136,-0.864130927068097,-0.5000000000000004,-0.05725155792143016,0.6666666666666666,0.7586206896551724,0.0
542,135:2,142,-0.8636416444813156,-0.5000000000000004,-0.06421144693595196,0.6666666666666666,0.7931034482758621,0.0
543,135:3,141,1.221275924358057e-16,-1.0,9.080142755062526e-18,0.5,0.7931034482758621,0.0
544,136:0,136,-0.864130927068097,-0.5000000000000004,-0.05725155792143016,0.6666666666666666,0.7586206896551724,0.0
545,136:1,137,-0.8641309270680976,0.49999999999999933,-0.0572515579214302,0.8333333333333334,0.7586206896551724,0.0
546,136:2,143,-0.8636416444813162,0.49999999999999933,-0.06421144693595199,0.8333333333333334,0.7931034482758621,0.0
547,136:3,142,-0.8636416444813156,-0.5000000000000004,-0.06421144693595196,0.6666666666666666,0.7931034482758621,0.0
548,137:0,137,-0.8641309270680976,0.49999999999999933,-0.0572515579214302,0.8333333333333334,0.7586206896551724,0.0
549,137:1,132,0.0,1.0,0.0,1.0,0.7586206896551724,0.0
550,137:2,138,0.0,1.0,0.0,1.0,0.7931034482758621,0.0
551,137:3,143,-0.8636416444813162,0.49999999999999933,-0.06421144693595199,0.8333333333333334,0.7931034482758621,0.0
552,138:0,138,0.0,1.0,0.0,0.0,0.7931034482758621,0.0
553,138:1,139,0.8636416444813158,0.5000000000000001,0.06421144693595196,0.16666666666666666,0.7931034482758621,0.0
554,138:2,145,0.8632972603650321,0.5000000000000001,0.06868653613503888,0.16666666666666666,0.8275862068965517,0.0
555,138:3,144,0.0,1.0,0.0,0.0,0.8275862068965517,0.0
556,139:0,139,0.8636416444813158,0.5000000000000001,0.06421144693595196,0.16666666666666666,0.7931034482758621,0.0
557,139:1,140,0.8636416444813159,-0.4999999999999998,0.06421144693595197,0.3333333333333333,0.7931034482758621,0.0
558,139:2,146,0.8632972603650322,-0.4999999999999998,0.06868653613503889,0.3333333333333333,0.8275862068965517,0.0
559,139:3,145,0.8632972603650321,0.5000000000000001,0.06868653613503888,0.16666666666666666,0.8275862068965517,0.0
560,140:0,140,0.8636416444813159,-0.4999999999999998,0.06421144693595197,0.3333333333333333,0.7931034482758621,0.0
561,140:1,141,1.221275924358057e-16,-1.0,9.080142755062526e-18,0.5,0.7931034482758621,0.0
562,140:2,147,1.2207889306696025e-16,-1.0,9.71296526114744e-18,0.5,0.8275862068965517,0.0
563,140:3,146,0.8632972603650322,-0.4999999999999998,0.06868653613503889,0.3333333333333333,0.8275862068965517,0.0
564,141:0,141,1.221275924358057e-16,-1.0,9.080142755062526e-18,0.5,0.7931034482758621,0.0
565,141:1,142,-0.8636416444813156,-0.5000000000000004,-0.06421144693595196,0.6666666666666666,0.7931034482758621,0.0
566,141:2,148,-0.863297260365032,-0.5000000000000004,-0.06868653613503888,0.6666666666666666,0.8275862068965517,0.0
567,141:3,147,1.2207889306696025e-16,-1.0,9.71296526114744e-18,0.5,0.8275862068965517,0.0
568,142:0,142,-0.8636416444813156,-0.5000000000000004,-0.06421144693595196,0.6666666666666666,0.7931034482758621,0.0
569,142:1,143,-0.8636416444813162,0.49999999999999933,-0.06421144693595199,0.8333333333333334,0.7931034482758621,0.0
570,142:2,149,-0.8632972603650325,0.49999999999999933,-0.06868653613503892,0.8333333333333334,0.8275862068965517,0.0
571,142:3,148,-0.863297260365032,-0.5000000000000004,-0.06868653613503888,0.6666666666666666,0.8275862068965517,0.0
572,143:0,143,-0.8636416444813162,0.49999999999999933,-0.06421144693595199,0.8333333333333334,0.7931034482758621,0.0
573,143:1,138,0.0,1.0,0.0,1.0,0.7931034482758621,0.0
574,143:2,144,0.0,1.0,0.0,1.0,0.8275862068965517,0.0
575,143:3,149,-0.8632972603650325,0.49999999999999933,-0.06868653613503892,0.8333333333333334,0.8275862068965517,0.0
576,144:0,144,0.0,1.0,0.0,0.0,0.8275862068965517,0.0
577,144:1,145,0.8632972603650321,0.5000000000000001,0.06868653613503888,0.16666666666666666,0.8275862068965517,0.0
578,144:2,151,0.863140971259747,0.5000000000000001,0.07062339366513395,0.16666666666666666,0.8620689655172413,0.0
579,144:3,150,0.0,1.0,0.0,0.0,0.8620689655172413,0.0
580,145:0,145,0.8632972603650321,0.5000000000000001,0.06868653613503888,0.16666666666666666,0.8275862068965517,0.0
581,145:1,146,0.8632972603650322,-0.4999999999999998,0.06868653613503889,0.3333333333333333,0.8275862068965517,0.0
582,145:2,152,0.8631409712597471,-0.4999999999999998,0.07062339366513397,0.3333333333333333,0.8620689655172413,0.0
583,145:3,151,0.863140971259747,0.5000000000000001,0.07062339366513395,0.16666666666666666,0.8620689655172413,0.0
584,146:0,146,0.8632972603650322,-0.4999999999999998,0.06868653613503889,0.3333333333333333,0.8275862068965517,0.0
585,146:1,147,1.2207889306696025e-16,-1.0,9.71296526114744e-18,0.5,0.8275862068965517,0.0
586,146:2,153,1.2205679221960722e-16,-1.0,9.986856346128336e-18,0.5,0.8620689655172413,0.0
587,146:3,152,0.8631409712597471,-0.4999999999999998,0.07062339366513397,0.3333333333333333,0.8620689655172413,0.0
588,147:0,147,1.2207889306696025e-16,-1.0,9.71296526114744e-18,0.5,0.8275862068965517,0.0
589,147:1,148,-0.863297260365032,-0.5000000000000004,-0.06868653613503888,0.6666666666666666,0.8275862068965517,0.0
590,147:2,154,-0.8631409712597469,-0.5000000000000004,-0.07062339366513394,0.6666666666666666,0.8620689655172413,0.0
591,147:3,153,1.2205679221960722e-16,-1.0,9.986856346128336e-18,0.5,0.8620689655172413,0.0
592,148:0,148,-0.863297260365032,-0.5000000000000004,-0.06868653613503888,0.6666666666666666,0.8275862068965517,0.0
593,148:1,149,-0.8632972603650325,0.49999999999999933,-0.06868653613503892,0.8333333333333334,0.8275862068965517,0.0
594,148:2,155,-0.8631409712597474,0.49999999999999933,-0.070623393665134,0.8333333333333334,0.8620689655172413,0.0
595,148:3,154,-0.8631409712597469,-0.5000000000000004,-0.07062339366513394,0.6666666666666666,0.8620689655172413,0.0
596,149:0,149,-0.8632972603650325,0.49999999999999933,-0.06868653613503892,0.8333333333333334,0.8275862068965517,0.0
597,149:1,144,0.0,1.0,0.0,1.0,0.8275862068965517,0.0
598,149:2,150,0.0,1.0,0.0,1.0,0.8620689655172413,0.0
599,149:3,155,-0.8631409712597474,0.49999999999999933,-0.070623393665134,0.8333333333333334,0.8620689655172413,0.0
600,150:0,150,0.0,1.0,0.0,0.0,0.8620689655172413,0.0
601,150:1,151,0.863140971259747,0.5000000000000001,0.07062339366513395,0.16666666666666666,0.8620689655172413,0.0
602,150:2,157,0.8632409322337757,0.5000000000000001,0.0693908705534224,0.16666666666666666,0.896551724137931,0.0
603,150:3,156,0.0,1.0,0.0,0.0,0.896551724137931,0.0
604,151:0,151,0.863140971259747,0.5000000000000001,0.07062339366513395,0.16666666666666666,0.8620689655172413,0.0
605,151:1,152,0.8631409712597471,-0.4999999999999998,0.07062339366513397,0.3333333333333333,0.8620689655172413,0.0
606,151:2,158,0.8632409322337758,-0.4999999999999998,0.06939087055342241,0.3333333333333333,0.896551724137931,0.0
607,151:3,157,0.8632409322337757,0.5000000000000001,0.0693908705534224,0.16666666666666666,0.896551724137931,0.0
608,152:0,152,0.8631409712597471,-0.4999999999999998,0.07062339366513397,0.3333333333333333,0.8620689655172413,0.0
609,152:1,153,1.2205679221960722e-16,-1.0,9.986856346128336e-18,0.5,0.8620689655172413,0.0
610,152:2,159,1.220709277041264e-16,-1.0,9.81256521367001e-18,0.5,0.896551724137931,0.0
611,152:3,158,0.8632409322337758,-0.4999999999999998,0.06939087055342241,0.3333333333333333,0.896551724137931,0.0
612,153:0,153,1.2205679221960722e-16,-1.0,9.986856346128336e-18,0.5,0.8620689655172413,0.0
613,153:1,154,-0.8631409712597469,-0.5000000000000004,-0.07062339366513394,0.6666666666666666,0.8620689655172413,0.0
614,153:2,160,-0.8632409322337756,-0.5000000000000004,-0.06939087055342238,0.6666666666666666,0.896551724137931,0.0
615,153:3,159,1.220709277041264e-16,-1.0,9.81256521367001e-18,0.5,0.896551724137931,0.0
616,154:0,154,-0.8631409712597469,-0.5000000000000004,-0.07062339366513394,0.6666666666666666,0.8620689655172413,0.0
617,154:1,155,-0.8631409712597474,0.49999999999999933,-0.070623393665134,0.8333333333333334,0.8620689655172413,0.0
618,154:2,161,-0.8632409322337762,0.49999999999999933,-0.06939087055342243,0.8333333333333334,0.896551724137931,0.0
619,154:3,160,-0.8632409322337756,-0.5000000000000004,-0.06939087055342238,0.6666666666666666,0.896551724137931,0.0
620,155:0,155,-0.8631409712597474,0.49999999999999933,-0.070623393665134,0.8333333333333334,0.8620689655172413,0.0
621,155:1,150,0.0,1.0,0.0,1.0,0.8620689655172413,0.0
622,155:2,156,0.0,1.0,0.0,1.0,0.896551724137931,0.0
623,155:3,161,-0.8632409322337762,0.49999999999999933,-0.06939087055342243,0.8333333333333334,0.896551724137931,0.0
624,156:0,156,0.0,1.0,0.0,0.0,0.896551724137931,0.0
625,156:1,157,0.8632409322337757,0.5000000000000001,0.0693908705534224,0.16666666666666666,0.896551724137931,0.0
626,156:2,163,0.8637285884060747,0.5000000000000001,0.06303114761806107,0.16666666666666666,0.9310344827586207,0.0
627,156:3,162,0.0,1.0,0.0,0.0,0.9310344827586207,0.0
628,157:0,157,0.8632409322337757,0.5000000000000001,0.0693908705534224,0.16666666666666666,0.896551724137931,0.0
629,157:1,158,0.8632409322337758,-0.4999999999999998,0.06939087055342241,0.3333333333333333,0.896551724137931,0.0
630,157:2,164,0.8637285884060748,-0.4999999999999998,0.06303114761806108,0.3333333333333333,0.9310344827586207,0.0
631,157:3,163,0.8637285884060747,0.5000000000000001,0.06303114761806107,0.16666666666666666,0.9310344827586207,0.0
632,158:0,158,0.8632409322337758,-0.4999999999999998,0.06939087055342241,0.3333333333333333,0.896551724137931,0.0
633,158:1,159,1.220709277041264e-16,-1.0,9.81256521367001e-18,0.5,0.896551724137931,0.0
634,158:2,165,1.2213988717897327e-16,-1.0,8.913236590950664e-18,0.5,0.9310344827586207,0.0
635,158:3,164,0.8637285884060748,-0.4999999999999998,0.06303114761806108,0.3333333333333333,0.9310344827586207,0.0
636,159:0,159,1.220709277041264e-16,-1.0,9.81256521367001e-18,0.5,0.896551724137931,0.0
637,159:1,160,-0.8632409322337756,-0.5000000000000004,-0.06939087055342238,0.6666666666666666,0.896551724137931,0.0
638,159:2,166,-0.8637285884060746,-0.5000000000000004,-0.06303114761806107,0.6666666666666666,0.9310344827586207,0.0
639,159:3,165,1.2213988717897327e-16,-1.0,8.913236590950664e-18,0.5,0.9310344827586207,0.0
640,160:0,160,-0.8632409322337756,-0.5000000000000004,-0.06939087055342238,0.6666666666666666,0.896551724137931,0.0
641,160:1,161,-0.8632409322337762,0.49999999999999933,-0.06939087055342243,0.8333333333333334,0.896551724137931,0.0
642,160:2,167,-0.8637285884060751,0.49999999999999933,-0.06303114761806111,0.8333333333333334,0.9310344827586207,0.0
643,160:3,166,-0.8637285884060746,-0.5000000000000004,-0.06303114761806107,0.6666666666666666,0.9310344827586207,0.0
644,161:0,161,-0.8632409322337762,0.49999999999999933,-0.06939087055342243,0.8333333333333334,0.896551724137931,0.0
645,161:1,156,0.0,1.0,0.0,1.0,0.896551724137931,0.0
646,161:2,162,0.0,1.0,0.0,1.0,0.9310344827586207,0.0
647,161:3,167,-0.8637285884060751,0.49999999999999933,-0.06303114761806111,0.8333333333333334,0.9310344827586207,0.0
648,162:0,162,0.0,1.0,0.0,0.0,0.9310344827586207,0.0
649,162:1,163,0.8637285884060747,0.5000000000000001,0.06303114761806107,0.16666666666666666,0.9310344827586207,0.0
650,162:2,169,0.8648895221433253,0.5000000000000001,0.044340889556823415,0.16666666666666666,0.9655172413793104,0.0
651,162:3,168,0.0,1.0,0.0,0.0,0.9655172413793104,0.0
652,163:0,163,0.8637285884060747,0.5000000000000001,0.06303114761806107,0.16666666666666666,0.9310344827586207,0.0
653,163:1,164,0.8637285884060748,-0.4999999999999998,0.06303114761806108,0.3333333333333333,0.9310344827586207,0.0
654,163:2,170,0.8648895221433254,-0.4999999999999998,0.04434088955682342,0.3333333333333333,0.9655172413793104,0.0
655,163:3,169,0.8648895221433253,0.5000000000000001,0.044340889556823415,0.16666666666666666,0.9655172413793104,0.0
656,164:0,164,0.8637285884060748,-0.4999999999999998,0.06303114761806108,0.3333333333333333,0.9310344827586207,0.0
657,164:1,165,1.2213988717897327e-16,-1.0,8.913236590950664e-18,0.5,0.9310344827586207,0.0
658,164:2,171,1.2230405485571038e-16,-1.0,6.2702466036003635e-18,0.5,0.9655172413793104,0.0
659,164:3,170,0.8648895221433254,-0.4999999999999998,0.04434088955682342,0.3333333333333333,0.9655172413793104,0.0
660,165:0,165,1.2213988717897327e-16,-1.0,8.913236590950664e-18,0.5,0.9310344827586207,0.0
661,165:1,166,-0.8637285884060746,-0.5000000000000004,-0.06303114761806107,0.6666666666666666,0.9310344827586207,0.0
662,165:2,172,-0.8648895221433252,-0.5000000000000004,-0.04434088955682341,0.6666666666666666,0.9655172413793104,0.0
663,165:3,171,1.2230405485571038e-16,-1.0,6.2702466036003635e-18,0.5,0.9655172413793104,0.0
664,166:0,166,-0.8637285884060746,-0.5000000000000004,-0.06303114761806107,0.6666666666666666,0.9310344827586207,0.0
665,166:1,167,-0.8637285884060751,0.49999999999999933,-0.06303114761806111,0.8333333333333334,0.9310344827586207,0.0
666,166:2,173,-0.8648895221433257,0.49999999999999933,-0.044340889556823436,0.8333333333333334,0.9655172413793104,0.0
667,166:3,172,-0.8648895221433252,-0.5000000000000004,-0.04434088955682341,0.6666666666666666,0.9655172413793104,0.0
668,167:0,167,-0.8637285884060751,0.49999999999999933,-0.06303114761806111,0.8333333333333334,0.9310344827586207,0.0
669,167:1,162,0.0,1.0,0.0,1.0,0.9310344827586207,0.0
670,167:2,168,0.0,1.0,0.0,1.0,0.9655172413793104,0.0
671,167:3,173,-0.8648895221433257,0.49999999999999933,-0.044340889556823436,0.8333333333333334,0.9655172413793104,0.0
672,168:0,168,0.0,1.0,0.0,0.0,0.9655172413793104,0.0
673,168:1,169,0.8648895221433253,0.5000000000000001,0.044340889556823415,0.16666666666666666,0.9655172413793104,0.0
674,168:2,175,0.8654893506730031,0.5000000000000001,0.030466110214848997,0.16666666666666666,1.0,0.0
675,168:3,174,0.0,1.0,0.0,0.0,1.0,0.0
676,169:0,169,0.8648895221433253,0.5000000000000001,0.044340889556823415,0.16666666666666666,0.9655172413793104,0.0
677,169:1,170,0.8648895221433254,-0.4999999999999998,0.04434088955682342,0.3333333333333333,0.9655172413793104,0.0
678,169:2,176,0.8654893506730033,-0.4999999999999998,0.030466110214849,0.3333333333333333,1.0,0.0
679,169:3,175,0.8654893506730031,0.5000000000000001,0.030466110214848997,0.16666666666666666,1.0,0.0
680,170:0,170,0.8648895221433254,-0.4999999999999998,0.04434088955682342,0.3333333333333333,0.9655172413793104,0.0
681,170:1,171,1.2230405485571038e-16,-1.0,6.2702466036003635e-18,0.5,0.9655172413793104,0.0
682,170:2,177,1.2238887662718468e-16,-1.0,4.308213615217707e-18,0.5,1.0,0.0
683,170:3,176,0.8654893506730033,-0.4999999999999998,0.030466110214849,0.3333333333333333,1.0,0.0
684,171:0,171,1.2230405485571038e-16,-1.0,6.2702466036003635e-18,0.5,0.9655172413793104,0.0
685,171:1,172,-0.8648895221433252,-0.5000000000000004,-0.04434088955682341,0.6666666666666666,0.9655172413793104,0.0
686,171:2,178,-0.865489350673003,-0.5000000000000004,-0.030466110214848994,0.6666666666666666,1.0,0.0
687,171:3,177,1.2238887662718468e-16,-1.0,4.308213615217707e-18,0.5,1.0,0.0
688,172:0,172,-0.8648895221433252,-0.5000000000000004,-0.04434088955682341,0.6666666666666666,0.9655172413793104,0.0
689,172:1,173,-0.8648895221433257,0.49999999999999933,-0.044340889556823436,0.8333333333333334,0.9655172413793104,0.0
690,172:2,179,-0.8654893506730036,0.49999999999999933,-0.030466110214849015,0.8333333333333334,1.0,0.0
691,172:3,178,-0.865489350673003,-0.5000000000000004,-0.030466110214848994,0.6666666666666666,1.0,0.0
692,173:0,173,-0.8648895221433257,0.49999999999999933,-0.044340889556823436,0.8333333333333334,0.9655172413793104,0.0
693,173:1,168,0.0,1.0,0.0,1.0,0.9655172413793104,0.0
694,173:2,174,0.0,1.0,0.0,1.0,1.0,0.0
695,173:3,179,-0.8654893506730036,0.49999999999999933,-0.030466110214849015,0.8333333333333334,1.0,0.0
