index,P(0),P(1),P(2)
0,-1.0,0.125,0.0
1,-1.003808259449576,0.06250000000000001,-0.10818616898644999
2,-1.003808259449576,-0.06249999999999997,-0.10818616898645
3,-1.0,-0.125,-1.529860959993831e-17
4,-0.9961917405504239,-0.06250000000000006,0.10818616898644998
5,-0.9961917405504239,0.06249999999999992,0.10818616898645005
6,-0.860856655811816,0.125,-0.004897982434488768
7,-0.8663992689150378,0.06250000000000001,-0.11300917260455393
8,-0.8663992689150378,-0.06249999999999997,-0.11300917260455394
9,-0.860856655811816,-0.125,-0.004897982434488784
10,-0.8553140427085942,-0.06250000000000006,0.10321320773557636
11,-0.8553140427085942,0.06249999999999992,0.10321320773557643
12,-0.7219259954670084,0.125,-0.014256217314465258
13,-0.729804890133409,0.06250000000000001,-0.12222229077662172
14,-0.729804890133409,-0.06249999999999997,-0.12222229077662174
15,-0.7219259954670084,-0.125,-0.014256217314465273
16,-0.7140471008006078,-0.06250000000000006,0.09370985614769119
17,-0.7140471008006078,0.06249999999999992,0.09370985614769126
18,-0.5831071160409101,0.125,-0.0251669363504913
19,-0.591780972875903,0.06250000000000001,-0.13307205303921021
20,-0.591780972875903,-0.06249999999999997,-0.13307205303921024
21,-0.5831071160409101,-0.125,-0.025166936350491314
22,-0.5744332592059173,-0.06250000000000006,0.08273818033822761
23,-0.5744332592059173,0.06249999999999992,0.08273818033822768
24,-0.4443276373025037,0.125,-0.03657071444154834
25,-0.45315556400704643,0.06250000000000001,-0.1444633356447577
26,-0.45315556400704643,-0.06249999999999997,-0.14446333564475772
27,-0.4443276373025037,-0.125,-0.03657071444154835
28,-0.43549971059796094,-0.06250000000000006,0.071321906761661
29,-0.43549971059796094,0.06249999999999992,0.07132190676166109
30,-0.3055402754574675,0.125,-0.04787784741147169
31,-0.31412609494474,0.06250000000000001,-0.15579000476054877
32,-0.31412609494474,-0.06249999999999997,-0.15579000476054877
33,-0.3055402754574675,-0.125,-0.047877847411471705
34,-0.296954455970195,-0.06250000000000006,0.060034309937605376
35,-0.296954455970195,0.06249999999999992,0.060034309937605446
36,-0.1667111674371374,0.125,-0.05865872524136437
37,-0.17473759474085548,0.06250000000000001,-0.16661393106645705
38,-0.17473759474085548,-0.06249999999999997,-0.16661393106645708
39,-0.1667111674371374,-0.125,-0.05865872524136438
40,-0.15868474013341932,-0.06250000000000006,0.04929648058372832
41,-0.15868474013341932,0.06249999999999992,0.04929648058372839
42,-0.027814396561333485,0.125,-0.0685266578165267
43,-0.03497083422706484,0.06250000000000001,-0.17654302416874434
44,-0.03497083422706484,-0.06249999999999997,-0.17654302416874437
45,-0.027814396561333485,-0.125,-0.06852665781652671
46,-0.02065795889560213,-0.06250000000000006,0.03948970853569095
47,-0.020657958895602128,0.06249999999999992,0.03948970853569102
48,0.11116982607320433,0.125,-0.0770692501988856
49,0.10523930966006503,0.06250000000000001,-0.18515985559580936
50,0.10523930966006503,-0.06249999999999997,-0.1851598555958094
51,0.11116982607320433,-0.125,-0.07706925019888561
52,0.11710034248634363,-0.06250000000000006,0.031021355198038156
53,0.11710034248634363,0.06249999999999992,0.031021355198038225
54,0.25025374560582847,0.125,-0.08378318890022102
55,0.24601204358546047,0.06250000000000001,-0.1919532307970901
56,0.24601204358546047,-0.06249999999999997,-0.1919532307970901
57,0.25025374560582847,-0.125,-0.08378318890022103
58,0.25449544762619647,-0.06250000000000006,0.02438685299664803
59,0.25449544762619647,0.06249999999999992,0.024386852996648098
60,0.3894350799731232,0.125,-0.08798094320526194
61,0.3875563350898475,0.06250000000000001,-0.1962178145461482
62,0.3875563350898475,-0.06249999999999997,-0.19621781454614823
63,0.3894350799731232,-0.125,-0.08798094320526195
64,0.39131382485639893,-0.06250000000000006,0.02025592813562431
65,0.39131382485639893,0.06249999999999992,0.02025592813562438
66,0.5286754011058555,0.125,-0.08861595294988031
67,0.5302696110885156,0.06250000000000001,-0.19685738907547495
68,0.5302696110885156,-0.06249999999999997,-0.19685738907547498
69,0.5286754011058555,-0.125,-0.08861595294988033
70,0.5270811911231955,-0.06250000000000006,0.01962548317571433
71,0.5270811911231955,0.06249999999999992,0.0196254831757144
72,0.6678286049102572,0.125,-0.08388068592442048
73,0.6750578179535012,0.06250000000000001,-0.19189220604507884
74,0.6750578179535012,-0.06249999999999997,-0.19189220604507887
75,0.6678286049102572,-0.125,-0.0838806859244205
76,0.6605993918670132,-0.06250000000000006,0.024130834196237877
77,0.6605993918670132,0.06249999999999992,0.024130834196237946
78,0.8063396425369802,0.125,-0.0700318801254816
79,0.8248983995123318,0.06250000000000001,-0.17668234913302905
80,0.8248983995123318,-0.06249999999999997,-0.17668234913302905
81,0.8063396425369802,-0.125,-0.07003188012548162
82,0.7877808855616286,-0.06250000000000006,0.03661858888206583
83,0.7877808855616286,0.06249999999999992,0.0366185888820659
84,0.941118433416683,0.125,-0.03632421891322201
85,0.9940494651176178,0.06250000000000001,-0.13075438296621217
86,0.9940494651176178,-0.06249999999999997,-0.13075438296621217
87,0.941118433416683,-0.125,-0.036324218913222024
88,0.8881874017157482,-0.06250000000000006,0.05810594513976813
89,0.8881874017157482,0.06249999999999992,0.058105945139768196
90,1.0363241864319743,0.125,0.058881579950684555
91,1.1307543571214647,0.06250000000000001,0.005950560089418848
92,1.1307543571214647,-0.06249999999999997,0.005950560089418841
93,1.0363241864319743,-0.125,0.05888157995068455
94,0.9418940157424839,-0.06250000000000006,0.11181259981195026
95,0.9418940157424839,0.06249999999999992,0.1118125998119503
96,1.0700318743002741,0.125,0.19366035834816067
97,1.1766823398306026,0.06250000000000001,0.17510158139049903
98,1.1766823398306026,-0.06249999999999997,0.175101581390499
99,1.0700318743002741,-0.125,0.19366035834816067
100,0.9633814087699457,-0.06250000000000006,0.21221913530582232
101,0.9633814087699457,0.06249999999999992,0.21221913530582234
102,1.0838807036845397,0.125,0.33217139401320755
103,1.191892223122546,0.06250000000000001,0.3249421707704784
104,1.191892223122546,-0.06249999999999997,0.3249421707704784
105,1.0838807036845397,-0.125,0.33217139401320755
106,0.9758691842465336,-0.06250000000000006,0.33940061725593673
107,0.9758691842465335,0.06249999999999992,0.33940061725593673
108,1.0886159733862308,0.125,0.47132459864942644
109,1.1968574097298337,0.06250000000000001,0.46973040346885025
110,1.1968574097298337,-0.06249999999999997,0.46973040346885025
111,1.0886159733862308,-0.125,0.47132459864942644
112,0.980374537042628,-0.06250000000000006,0.4729187938300026
113,0.9803745370426279,0.06249999999999992,0.4729187938300026
114,1.0879809228968316,0.125,0.6105649196426768
115,1.196217794036798,0.06250000000000001,0.6124436761011652
116,1.196217794036798,-0.06249999999999997,0.6124436761011652
117,1.0879809228968316,-0.125,0.6105649196426768
118,0.9797440517568652,-0.06250000000000006,0.6086861631841883
119,0.9797440517568652,0.06249999999999992,0.6086861631841883
120,1.0837831795545587,0.125,0.74974625401691
121,1.191953221944557,0.06250000000000001,0.7539879434616924
122,1.191953221944557,-0.06249999999999997,0.7539879434616924
123,1.0837831795545587,-0.125,0.74974625401691
124,0.9756131371645604,-0.06250000000000006,0.7455045645721275
125,0.9756131371645604,0.06249999999999992,0.7455045645721275
126,1.0770692622493665,0.125,0.8888301745951452
127,1.1851598679558948,0.06250000000000001,0.8947606853653756
128,1.1851598679558948,-0.06249999999999997,0.8947606853653756
129,1.0770692622493665,-0.125,0.8888301745951452
130,0.9689786565428382,-0.06250000000000006,0.8828996638249149
131,0.9689786565428381,0.06249999999999992,0.8828996638249149
132,1.0685266629915735,0.125,1.0278143969065168
133,1.1765430288750856,0.06250000000000001,1.0349708416466956
134,1.1765430288750856,-0.06249999999999997,1.0349708416466956
135,1.0685266629915735,-0.125,1.0278143969065168
136,0.9605102971080614,-0.06250000000000006,1.020657952166338
137,0.9605102971080614,0.06249999999999992,1.020657952166338
138,1.0586587190871959,0.125,1.1667111669759425
139,1.1666139246473604,0.06250000000000001,1.1747375978429364
140,1.1666139246473604,-0.06249999999999997,1.1747375978429364
141,1.0586587190871959,-0.125,1.1667111669759425
142,0.9507035135270314,-0.06250000000000006,1.1586847361089485
143,0.9507035135270314,0.06249999999999992,1.1586847361089485
144,1.047877843418427,0.125,1.3055402751372003
145,1.155790000964056,0.06250000000000001,1.31412609215408
146,1.155790000964056,-0.06249999999999997,1.31412609215408
147,1.047877843418427,-0.125,1.3055402751372003
148,0.939965685872798,-0.06250000000000006,1.2969544581203205
149,0.9399656858727979,0.06249999999999992,1.2969544581203205
150,1.0365707146450045,0.125,1.4443276373186231
151,1.144463336052473,0.06250000000000001,1.4531555615267648
152,1.144463336052473,-0.06249999999999997,1.4531555615267648
153,1.0365707146450045,-0.125,1.4443276373186231
154,0.9286780932375361,-0.06250000000000006,1.4354997131104814
155,0.928678093237536,0.06249999999999992,1.4354997131104814
156,1.025166938780429,0.125,1.5831071162377124
157,1.133072055309651,0.06250000000000001,1.59178097505689
158,1.133072055309651,-0.06249999999999997,1.59178097505689
159,1.025166938780429,-0.125,1.5831071162377124
160,0.917261822251207,-0.06250000000000006,1.5744332574185347
161,0.917261822251207,0.06249999999999992,1.5744332574185347
162,1.01425621241121,0.125,1.721925995099759
163,1.1222222859619693,0.06250000000000001,1.7298048885520165
164,1.1222222859619693,-0.06249999999999997,1.7298048885520165
165,1.01425621241121,-0.125,1.721925995099759
166,0.9062901388604507,-0.06250000000000006,1.7140471016475014
167,0.9062901388604506,0.06249999999999992,1.7140471016475014
168,1.0048979879957436,0.125,1.8608566561288764
169,1.1130091782636593,0.06250000000000001,1.8663992673234793
170,1.1130091782636593,-0.06249999999999997,1.8663992673234793
171,1.0048979879957436,-0.125,1.8608566561288764
172,0.896786797727828,-0.06250000000000006,1.8553140449342735
173,0.8967867977278279,0.06249999999999992,1.8553140449342735
174,1.0,0.125,2.0
175,1.1081861688341255,0.06250000000000001,2.003808263776856
176,1.1081861688341255,-0.06249999999999997,2.003808263776856
177,1.0,-0.125,2.0
178,0.8918138311658746,-0.06250000000000006,1.9961917362231438
179,0.8918138311658745,0.06249999999999992,1.9961917362231438
