index,type,vertices
0,quad,0 1 7 6
1,quad,1 2 8 7
2,quad,2 3 9 8
3,quad,3 4 10 9
4,quad,4 5 11 10
5,quad,5 0 6 11
6,quad,6 7 13 12
7,quad,7 8 14 13
8,quad,8 9 15 14
9,quad,9 10 16 15
10,quad,10 11 17 16
11,quad,11 6 12 17
12,quad,12 13 19 18
13,quad,13 14 20 19
14,quad,14 15 21 20
15,quad,15 16 22 21
16,quad,16 17 23 22
17,quad,17 12 18 23
18,quad,18 19 25 24
19,quad,19 20 26 25
20,quad,20 21 27 26
21,quad,21 22 28 27
22,quad,22 23 29 28
23,quad,23 18 24 29
24,quad,24 25 31 30
25,quad,25 26 32 31
26,quad,26 27 33 32
27,quad,27 28 34 33
28,quad,28 29 35 34
29,quad,29 24 30 35
30,quad,30 31 37 36
31,quad,31 32 38 37
32,quad,32 33 39 38
33,quad,33 34 40 39
34,quad,34 35 41 40
35,quad,35 30 36 41
36,quad,36 37 43 42
37,quad,37 38 44 43
38,quad,38 39 45 44
39,quad,39 40 46 45
40,quad,40 41 47 46
41,quad,41 36 42 47
42,quad,42 43 49 48
43,quad,43 44 50 49
44,quad,44 45 51 50
45,quad,45 46 52 51
46,quad,46 47 53 52
47,quad,47 42 48 53
48,quad,48 49 55 54
49,quad,49 50 56 55
50,quad,50 51 57 56
51,quad,51 52 58 57
52,quad,52 53 59 58
53,quad,53 48 54 59
54,quad,54 55 61 60
55,quad,55 56 62 61
56,quad,56 57 63 62
57,quad,57 58 64 63
58,quad,58 59 65 64
59,quad,59 54 60 65
60,quad,60 61 67 66
61,quad,61 62 68 67
62,quad,62 63 69 68
63,quad,63 64 70 69
64,quad,64 65 71 70
65,quad,65 60 66 71
66,quad,66 67 73 72
67,quad,67 68 74 73
68,quad,68 69 75 74
69,quad,69 70 76 75
70,quad,70 71 77 76
71,quad,71 66 72 77
72,quad,72 73 79 78
73,quad,73 74 80 79
74,quad,74 75 81 80
75,quad,75 76 82 81
76,quad,76 77 83 82
77,quad,77 72 78 83
78,quad,78 79 85 84
79,quad,79 80 86 85
80,quad,80 81 87 86
81,quad,81 82 88 87
82,quad,82 83 89 88
83,quad,83 78 84 89
84,quad,84 85 91 90
85,quad,85 86 92 91
86,quad,86 87 93 92
87,quad,87 88 94 93
88,quad,88 89 95 94
89,quad,89 84 90 95
90,quad,90 91 97 96
91,quad,91 92 98 97
92,quad,92 93 99 98
93,quad,93 94 100 99
94,quad,94 95 101 100
95,quad,95 90 96 101
96,quad,96 97 103 102
97,quad,97 98 104 103
98,quad,98 99 105 104
99,quad,99 100 106 105
100,quad,100 101 107 106
101,quad,101 96 102 107
102,quad,102 103 109 108
103,quad,103 104 110 109
104,quad,104 105 111 110
105,quad,105 106 112 111
106,quad,106 107 113 112
107,quad,107 102 108 113
108,quad,108 109 115 114
109,quad,109 110 116 115
110,quad,110 111 117 116
111,quad,111 112 118 117
112,quad,112 113 119 118
113,quad,113 108 114 119
114,quad,114 115 121 120
115,quad,115 116 122 121
116,quad,116 117 123 122
117,quad,117 118 124 123
118,quad,118 119 125 124
119,quad,119 114 120 125
120,quad,120 121 127 126
121,quad,121 122 128 127
122,quad,122 123 129 128
123,quad,123 124 130 129
124,quad,124 125 131 130
125,quad,125 120 126 131
126,quad,126 127 133 132
127,quad,127 128 134 133
128,quad,128 129 135 134
129,quad,129 130 136 135
130,quad,130 131 137 136
131,quad,131 126 132 137
132,quad,132 133 139 138
133,quad,133 134 140 139
134,quad,134 135 141 140
135,quad,135 136 142 141
136,quad,136 137 143 142
137,quad,137 132 138 143
138,quad,138 139 145 144
139,quad,139 140 146 145
140,quad,140 141 147 146
141,quad,141 142 148 147
142,quad,142 143 149 148
143,quad,143 138 144 149
144,quad,144 145 151 150
145,quad,145 146 152 151
146,quad,146 147 153 152
147,quad,147 148 154 153
148,quad,148 149 155 154
149,quad,149 144 150 155
150,quad,150 151 157 156
151,quad,151 152 158 157
152,quad,152 153 159 158
153,quad,153 154 160 159
154,quad,154 155 161 160
155,quad,155 150 156 161
156,quad,156 157 163 162
157,quad,157 158 164 163
158,quad,158 159 165 164
159,quad,159 160 166 165
160,quad,160 161 167 166
161,quad,161 156 162 167
162,quad,162 163 169 168
163,quad,163 164 170 169
164,quad,164 165 171 170
165,quad,165 166 172 171
166,quad,166 167 173 172
167,quad,167 162 168 173
168,quad,168 169 175 174
169,quad,169 170 176 175
170,quad,170 171 177 176
171,quad,171 172 178 177
172,quad,172 173 179 178
173,quad,173 168 174 179
174,quad,174 175 181 180
175,quad,175 176 182 181
176,quad,176 177 183 182
177,quad,177 178 184 183
178,quad,178 179 185 184
179,quad,179 174 180 185
180,quad,180 181 187 186
181,quad,181 182 188 187
182,quad,182 183 189 188
183,quad,183 184 190 189
184,quad,184 185 191 190
185,quad,185 180 186 191
186,quad,186 187 193 192
187,quad,187 188 194 193
188,quad,188 189 195 194
189,quad,189 190 196 195
190,quad,190 191 197 196
191,quad,191 186 192 197
192,quad,192 193 199 198
193,quad,193 194 200 199
194,quad,194 195 201 200
195,quad,195 196 202 201
196,quad,196 197 203 202
197,quad,197 192 198 203
198,quad,198 199 205 204
199,quad,199 200 206 205
200,quad,200 201 207 206
201,quad,201 202 208 207
202,quad,202 203 209 208
203,quad,203 198 204 209
204,quad,204 205 211 210
205,quad,205 206 212 211
206,quad,206 207 213 212
207,quad,207 208 214 213
208,quad,208 209 215 214
209,quad,209 204 210 215
210,quad,210 211 217 216
211,quad,211 212 218 217
212,quad,212 213 219 218
213,quad,213 214 220 219
214,quad,214 215 221 220
215,quad,215 210 216 221
216,quad,216 217 223 222
217,quad,217 218 224 223
218,quad,218 219 225 224
219,quad,219 220 226 225
220,quad,220 221 227 226
221,quad,221 216 222 227
222,quad,222 223 229 228
223,quad,223 224 230 229
224,quad,224 225 231 230
225,quad,225 226 232 231
226,quad,226 227 233 232
227,quad,227 222 228 233
228,quad,228 229 235 234
229,quad,229 230 236 235
230,quad,230 231 237 236
231,quad,231 232 238 237
232,quad,232 233 239 238
233,quad,233 228 234 239
234,quad,234 235 241 240
235,quad,235 236 242 241
236,quad,236 237 243 242
237,quad,237 238 244 243
238,quad,238 239 245 244
239,quad,239 234 240 245
240,quad,240 241 247 246
241,quad,241 242 248 247
242,quad,242 243 249 248
243,quad,243 244 250 249
244,quad,244 245 251 250
245,quad,245 240 246 251
246,quad,246 247 253 252
247,quad,247 248 254 253
248,quad,248 249 255 254
249,quad,249 250 256 255
250,quad,250 251 257 256
251,quad,251 246 252 257
252,quad,252 253 259 258
253,quad,253 254 260 259
254,quad,254 255 261 260
255,quad,255 256 262 261
256,quad,256 257 263 262
257,quad,257 252 258 263
258,quad,258 259 265 264
259,quad,259 260 266 265
260,quad,260 261 267 266
261,quad,261 262 268 267
262,quad,262 263 269 268
263,quad,263 258 264 269
264,quad,264 265 271 270
265,quad,265 266 272 271
266,quad,266 267 273 272
267,quad,267 268 274 273
268,quad,268 269 275 274
269,quad,269 264 270 275
270,quad,270 271 277 276
271,quad,271 272 278 277
272,quad,272 273 279 278
273,quad,273 274 280 279
274,quad,274 275 281 280
275,quad,275 270 276 281
276,quad,276 277 283 282
277,quad,277 278 284 283
278,quad,278 279 285 284
279,quad,279 280 286 285
280,quad,280 281 287 286
281,quad,281 276 282 287
282,quad,282 283 289 288
283,quad,283 284 290 289
284,quad,284 285 291 290
285,quad,285 286 292 291
286,quad,286 287 293 292
287,quad,287 282 288 293
288,quad,288 289 295 294
289,quad,289 290 296 295
290,quad,290 291 297 296
291,quad,291 292 298 297
292,quad,292 293 299 298
293,quad,293 288 294 299
294,quad,294 295 301 300
295,quad,295 296 302 301
296,quad,296 297 303 302
297,quad,297 298 304 303
298,quad,298 299 305 304
299,quad,299 294 300 305
300,quad,300 301 307 306
301,quad,301 302 308 307
302,quad,302 303 309 308
303,quad,303 304 310 309
304,quad,304 305 311 310
305,quad,305 300 306 311
306,quad,306 307 313 312
307,quad,307 308 314 313
308,quad,308 309 315 314
309,quad,309 310 316 315
310,quad,310 311 317 316
311,quad,311 306 312 317
312,quad,312 313 319 318
313,quad,313 314 320 319
314,quad,314 315 321 320
315,quad,315 316 322 321
316,quad,316 317 323 322
317,quad,317 312 318 323
318,quad,318 319 325 324
319,quad,319 320 326 325
320,quad,320 321 327 326
321,quad,321 322 328 327
322,quad,322 323 329 328
323,quad,323 318 324 329
324,quad,324 325 331 330
325,quad,325 326 332 331
326,quad,326 327 333 332
327,quad,327 328 334 333
328,quad,328 329 335 334
329,quad,329 324 330 335
330,quad,330 331 337 336
331,quad,331 332 338 337
332,quad,332 333 339 338
333,quad,333 334 340 339
334,quad,334 335 341 340
335,quad,335 330 336 341
336,quad,336 337 343 342
337,quad,337 338 344 343
338,quad,338 339 345 344
339,quad,339 340 346 345
340,quad,340 341 347 346
341,quad,341 336 342 347
342,quad,342 343 349 348
343,quad,343 344 350 349
344,quad,344 345 351 350
345,quad,345 346 352 351
346,quad,346 347 353 352
347,quad,347 342 348 353
348,quad,348 349 355 354
349,quad,349 350 356 355
350,quad,350 351 357 356
351,quad,351 352 358 357
352,quad,352 353 359 358
353,quad,353 348 354 359
354,quad,354 355 361 360
355,quad,355 356 362 361
356,quad,356 357 363 362
357,quad,357 358 364 363
358,quad,358 359 365 364
359,quad,359 354 360 365
360,quad,360 361 367 366
361,quad,361 362 368 367
362,quad,362 363 369 368
363,quad,363 364 370 369
364,quad,364 365 371 370
365,quad,365 360 366 371
366,quad,366 367 373 372
367,quad,367 368 374 373
368,quad,368 369 375 374
369,quad,369 370 376 375
370,quad,370 371 377 376
371,quad,371 366 372 377
372,quad,372 373 379 378
373,quad,373 374 380 379
374,quad,374 375 381 380
375,quad,375 376 382 381
376,quad,376 377 383 382
377,quad,377 372 378 383
378,quad,378 379 385 384
379,quad,379 380 386 385
380,quad,380 381 387 386
381,quad,381 382 388 387
382,quad,382 383 389 388
383,quad,383 378 384 389
384,quad,384 385 391 390
385,quad,385 386 392 391
386,quad,386 387 393 392
387,quad,387 388 394 393
388,quad,388 389 395 394
389,quad,389 384 390 395
390,quad,390 391 397 396
391,quad,391 392 398 397
392,quad,392 393 399 398
393,quad,393 394 400 399
394,quad,394 395 401 400
395,quad,395 390 396 401
396,quad,396 397 403 402
397,quad,397 398 404 403
398,quad,398 399 405 404
399,quad,399 400 406 405
400,quad,400 401 407 406
401,quad,401 396 402 407
402,quad,402 403 409 408
403,quad,403 404 410 409
404,quad,404 405 411 410
405,quad,405 406 412 411
406,quad,406 407 413 412
407,quad,407 402 408 413
408,quad,408 409 415 414
409,quad,409 410 416 415
410,quad,410 411 417 416
411,quad,411 412 418 417
412,quad,412 413 419 418
413,quad,413 408 414 419
414,quad,414 415 421 420
415,quad,415 416 422 421
416,quad,416 417 423 422
417,quad,417 418 424 423
418,quad,418 419 425 424
419,quad,419 414 420 425
420,quad,420 421 427 426
421,quad,421 422 428 427
422,quad,422 423 429 428
423,quad,423 424 430 429
424,quad,424 425 431 430
425,quad,425 420 426 431
426,quad,426 427 433 432
427,quad,427 428 434 433
428,quad,428 429 435 434
429,quad,429 430 436 435
430,quad,430 431 437 436
431,quad,431 426 432 437
432,quad,432 433 439 438
433,quad,433 434 440 439
434,quad,434 435 441 440
435,quad,435 436 442 441
436,quad,436 437 443 442
437,quad,437 432 438 443
438,quad,438 439 445 444
439,quad,439 440 446 445
440,quad,440 441 447 446
441,quad,441 442 448 447
442,quad,442 443 449 448
443,quad,443 438 444 449
444,quad,444 445 451 450
445,quad,445 446 452 451
446,quad,446 447 453 452
447,quad,447 448 454 453
448,quad,448 449 455 454
449,quad,449 444 450 455
450,quad,450 451 457 456
451,quad,451 452 458 457
452,quad,452 453 459 458
453,quad,453 454 460 459
454,quad,454 455 461 460
455,quad,455 450 456 461
456,quad,456 457 463 462
457,quad,457 458 464 463
458,quad,458 459 465 464
459,quad,459 460 466 465
460,quad,460 461 467 466
461,quad,461 456 462 467
462,quad,462 463 469 468
463,quad,463 464 470 469
464,quad,464 465 471 470
465,quad,465 466 472 471
466,quad,466 467 473 472
467,quad,467 462 468 473
468,quad,468 469 475 474
469,quad,469 470 476 475
470,quad,470 471 477 476
471,quad,471 472 478 477
472,quad,472 473 479 478
473,quad,473 468 474 479
474,quad,474 475 481 480
475,quad,475 476 482 481
476,quad,476 477 483 482
477,quad,477 478 484 483
478,quad,478 479 485 484
479,quad,479 474 480 485
480,quad,480 481 487 486
481,quad,481 482 488 487
482,quad,482 483 489 488
483,quad,483 484 490 489
484,quad,484 485 491 490
485,quad,485 480 486 491
486,quad,486 487 493 492
487,quad,487 488 494 493
488,quad,488 489 495 494
489,quad,489 490 496 495
490,quad,490 491 497 496
491,quad,491 486 492 497
492,quad,492 493 499 498
493,quad,493 494 500 499
494,quad,494 495 501 500
495,quad,495 496 502 501
496,quad,496 497 503 502
497,quad,497 492 498 503
498,quad,498 499 505 504
499,quad,499 500 506 505
500,quad,500 501 507 506
501,quad,501 502 508 507
502,quad,502 503 509 508
503,quad,503 498 504 509
504,quad,504 505 511 510
505,quad,505 506 512 511
506,quad,506 507 513 512
507,quad,507 508 514 513
508,quad,508 509 515 514
509,quad,509 504 510 515
510,quad,510 511 517 516
511,quad,511 512 518 517
512,quad,512 513 519 518
513,quad,513 514 520 519
514,quad,514 515 521 520
515,quad,515 510 516 521
516,quad,516 517 523 522
517,quad,517 518 524 523
518,quad,518 519 525 524
519,quad,519 520 526 525
520,quad,520 521 527 526
521,quad,521 516 522 527
522,quad,522 523 529 528
523,quad,523 524 530 529
524,quad,524 525 531 530
525,quad,525 526 532 531
526,quad,526 527 533 532
527,quad,527 522 528 533
528,quad,528 529 535 534
529,quad,529 530 536 535
530,quad,530 531 537 536
531,quad,531 532 538 537
532,quad,532 533 539 538
533,quad,533 528 534 539
534,quad,534 535 541 540
535,quad,535 536 542 541
536,quad,536 537 543 542
537,quad,537 538 544 543
538,quad,538 539 545 544
539,quad,539 534 540 545
540,quad,540 541 547 546
541,quad,541 542 548 547
542,quad,542 543 549 548
543,quad,543 544 550 549
544,quad,544 545 551 550
545,quad,545 540 546 551
546,quad,546 547 553 552
547,quad,547 548 554 553
548,quad,548 549 555 554
549,quad,549 550 556 555
550,quad,550 551 557 556
551,quad,551 546 552 557
552,quad,552 553 559 558
553,quad,553 554 560 559
554,quad,554 555 561 560
555,quad,555 556 562 561
556,quad,556 557 563 562
557,quad,557 552 558 563
558,quad,558 559 565 564
559,quad,559 560 566 565
560,quad,560 561 567 566
561,quad,561 562 568 567
562,quad,562 563 569 568
563,quad,563 558 564 569
564,quad,564 565 571 570
565,quad,565 566 572 571
566,quad,566 567 573 572
567,quad,567 568 574 573
568,quad,568 569 575 574
569,quad,569 564 570 575
570,quad,570 571 577 576
571,quad,571 572 578 577
572,quad,572 573 579 578
573,quad,573 574 580 579
574,quad,574 575 581 580
575,quad,575 570 576 581
576,quad,576 577 583 582
577,quad,577 578 584 583
578,quad,578 579 585 584
579,quad,579 580 586 585
580,quad,580 581 587 586
581,quad,581 576 582 587
582,quad,582 583 589 588
583,quad,583 584 590 589
584,quad,584 585 591 590
585,quad,585 586 592 591
586,quad,586 587 593 592
587,quad,587 582 588 593
588,quad,588 589 595 594
589,quad,589 590 596 595
590,quad,590 591 597 596
591,quad,591 592 598 597
592,quad,592 593 599 598
593,quad,593 588 594 599
594,quad,594 595 601 600
595,quad,595 596 602 601
596,quad,596 597 603 602
597,quad,597 598 604 603
598,quad,598 599 605 604
599,quad,599 594 600 605
600,quad,600 601 607 606
601,quad,601 602 608 607
602,quad,602 603 609 608
603,quad,603 604 610 609
604,quad,604 605 611 610
605,quad,605 600 606 611
606,quad,606 607 613 612
607,quad,607 608 614 613
608,quad,608 609 615 614
609,quad,609 610 616 615
610,quad,610 611 617 616
611,quad,611 606 612 617
612,quad,612 613 619 618
613,quad,613 614 620 619
614,quad,614 615 621 620
615,quad,615 616 622 621
616,quad,616 617 623 622
617,quad,617 612 618 623
618,quad,618 619 625 624
619,quad,619 620 626 625
620,quad,620 621 627 626
621,quad,621 622 628 627
622,quad,622 623 629 628
623,quad,623 618 624 629
624,quad,624 625 631 630
625,quad,625 626 632 631
626,quad,626 627 633 632
627,quad,627 628 634 633
628,quad,628 629 635 634
629,quad,629 624 630 635
630,quad,630 631 637 636
631,quad,631 632 638 637
632,quad,632 633 639 638
633,quad,633 634 640 639
634,quad,634 635 641 640
635,quad,635 630 636 641
636,quad,636 637 643 642
637,quad,637 638 644 643
638,quad,638 639 645 644
639,quad,639 640 646 645
640,quad,640 641 647 646
641,quad,641 636 642 647
642,quad,642 643 649 648
643,quad,643 644 650 649
644,quad,644 645 651 650
645,quad,645 646 652 651
646,quad,646 647 653 652
647,quad,647 642 648 653
648,quad,648 649 655 654
649,quad,649 650 656 655
650,quad,650 651 657 656
651,quad,651 652 658 657
652,quad,652 653 659 658
653,quad,653 648 654 659
654,quad,654 655 661 660
655,quad,655 656 662 661
656,quad,656 657 663 662
657,quad,657 658 664 663
658,quad,658 659 665 664
659,quad,659 654 660 665
660,quad,660 661 667 666
661,quad,661 662 668 667
662,quad,662 663 669 668
663,quad,663 664 670 669
664,quad,664 665 671 670
665,quad,665 660 666 671
666,quad,666 667 673 672
667,quad,667 668 674 673
668,quad,668 669 675 674
669,quad,669 670 676 675
670,quad,670 671 677 676
671,quad,671 666 672 677
672,quad,672 673 679 678
673,quad,673 674 680 679
674,quad,674 675 681 680
675,quad,675 676 682 681
676,quad,676 677 683 682
677,quad,677 672 678 683
678,quad,678 679 685 684
679,quad,679 680 686 685
680,quad,680 681 687 686
681,quad,681 682 688 687
682,quad,682 683 689 688
683,quad,683 678 684 689
684,quad,684 685 691 690
685,quad,685 686 692 691
686,quad,686 687 693 692
687,quad,687 688 694 693
688,quad,688 689 695 694
689,quad,689 684 690 695
690,quad,690 691 697 696
691,quad,691 692 698 697
692,quad,692 693 699 698
693,quad,693 694 700 699
694,quad,694 695 701 700
695,quad,695 690 696 701
696,quad,696 697 703 702
697,quad,697 698 704 703
698,quad,698 699 705 704
699,quad,699 700 706 705
700,quad,700 701 707 706
701,quad,701 696 702 707
702,quad,702 703 709 708
703,quad,703 704 710 709
704,quad,704 705 711 710
705,quad,705 706 712 711
706,quad,706 707 713 712
707,quad,707 702 708 713
708,quad,708 709 715 714
709,quad,709 710 716 715
710,quad,710 711 717 716
711,quad,711 712 718 717
712,quad,712 713 719 718
713,quad,713 708 714 719
714,quad,714 715 721 720
715,quad,715 716 722 721
716,quad,716 717 723 722
717,quad,717 718 724 723
718,quad,718 719 725 724
719,quad,719 714 720 725
720,quad,720 721 727 726
721,quad,721 722 728 727
722,quad,722 723 729 728
723,quad,723 724 730 729
724,quad,724 725 731 730
725,quad,725 720 726 731
726,quad,726 727 733 732
727,quad,727 728 734 733
728,quad,728 729 735 734
729,quad,729 730 736 735
730,quad,730 731 737 736
731,quad,731 726 732 737
732,quad,732 733 739 738
733,quad,733 734 740 739
734,quad,734 735 741 740
735,quad,735 736 742 741
736,quad,736 737 743 742
737,quad,737 732 738 743
738,quad,738 739 745 744
739,quad,739 740 746 745
740,quad,740 741 747 746
741,quad,741 742 748 747
742,quad,742 743 749 748
743,quad,743 738 744 749
744,quad,744 745 751 750
745,quad,745 746 752 751
746,quad,746 747 753 752
747,quad,747 748 754 753
748,quad,748 749 755 754
749,quad,749 744 750 755
750,quad,750 751 757 756
751,quad,751 752 758 757
752,quad,752 753 759 758
753,quad,753 754 760 759
754,quad,754 755 761 760
755,quad,755 750 756 761
756,quad,756 757 763 762
757,quad,757 758 764 763
758,quad,758 759 765 764
759,quad,759 760 766 765
760,quad,760 761 767 766
761,quad,761 756 762 767
762,quad,762 763 769 768
763,quad,763 764 770 769
764,quad,764 765 771 770
765,quad,765 766 772 771
766,quad,766 767 773 772
767,quad,767 762 768 773
768,quad,768 769 775 774
769,quad,769 770 776 775
770,quad,770 771 777 776
771,quad,771 772 778 777
772,quad,772 773 779 778
773,quad,773 768 774 779
774,quad,774 775 781 780
775,quad,775 776 782 781
776,quad,776 777 783 782
777,quad,777 778 784 783
778,quad,778 779 785 784
779,quad,779 774 780 785
780,quad,780 781 787 786
781,quad,781 782 788 787
782,quad,782 783 789 788
783,quad,783 784 790 789
784,quad,784 785 791 790
785,quad,785 780 786 791
786,quad,786 787 793 792
787,quad,787 788 794 793
788,quad,788 789 795 794
789,quad,789 790 796 795
790,quad,790 791 797 796
791,quad,791 786 792 797
792,quad,792 793 799 798
793,quad,793 794 800 799
794,quad,794 795 801 800
795,quad,795 796 802 801
796,quad,796 797 803 802
797,quad,797 792 798 803
798,quad,798 799 805 804
799,quad,799 800 806 805
800,quad,800 801 807 806
801,quad,801 802 808 807
802,quad,802 803 809 808
803,quad,803 798 804 809
804,quad,804 805 811 810
805,quad,805 806 812 811
806,quad,806 807 813 812
807,quad,807 808 814 813
808,quad,808 809 815 814
809,quad,809 804 810 815
810,quad,810 811 817 816
811,quad,811 812 818 817
812,quad,812 813 819 818
813,quad,813 814 820 819
814,quad,814 815 821 820
815,quad,815 810 816 821
816,quad,816 817 823 822
817,quad,817 818 824 823
818,quad,818 819 825 824
819,quad,819 820 826 825
820,quad,820 821 827 826
821,quad,821 816 822 827
822,quad,822 823 829 828
823,quad,823 824 830 829
824,quad,824 825 831 830
825,quad,825 826 832 831
826,quad,826 827 833 832
827,quad,827 822 828 833
828,quad,828 829 835 834
829,quad,829 830 836 835
830,quad,830 831 837 836
831,quad,831 832 838 837
832,quad,832 833 839 838
833,quad,833 828 834 839
834,quad,834 835 841 840
835,quad,835 836 842 841
836,quad,836 837 843 842
837,quad,837 838 844 843
838,quad,838 839 845 844
839,quad,839 834 840 845
840,quad,840 841 847 846
841,quad,841 842 848 847
842,quad,842 843 849 848
843,quad,843 844 850 849
844,quad,844 845 851 850
845,quad,845 840 846 851
846,quad,846 847 853 852
847,quad,847 848 854 853
848,quad,848 849 855 854
849,quad,849 850 856 855
850,quad,850 851 857 856
851,quad,851 846 852 857
852,quad,852 853 859 858
853,quad,853 854 860 859
854,quad,854 855 861 860
855,quad,855 856 862 861
856,quad,856 857 863 862
857,quad,857 852 858 863
858,quad,858 859 865 864
859,quad,859 860 866 865
860,quad,860 861 867 866
861,quad,861 862 868 867
862,quad,862 863 869 868
863,quad,863 858 864 869
864,quad,864 865 871 870
865,quad,865 866 872 871
866,quad,866 867 873 872
867,quad,867 868 874 873
868,quad,868 869 875 874
869,quad,869 864 870 875
870,quad,870 871 877 876
871,quad,871 872 878 877
872,quad,872 873 879 878
873,quad,873 874 880 879
874,quad,874 875 881 880
875,quad,875 870 876 881
876,quad,876 877 883 882
877,quad,877 878 884 883
878,quad,878 879 885 884
879,quad,879 880 886 885
880,quad,880 881 887 886
881,quad,881 876 882 887
882,quad,882 883 889 888
883,quad,883 884 890 889
884,quad,884 885 891 890
885,quad,885 886 892 891
886,quad,886 887 893 892
887,quad,887 882 888 893
888,quad,888 889 895 894
889,quad,889 890 896 895
890,quad,890 891 897 896
891,quad,891 892 898 897
892,quad,892 893 899 898
893,quad,893 888 894 899
894,quad,894 895 901 900
895,quad,895 896 902 901
896,quad,896 897 903 902
897,quad,897 898 904 903
898,quad,898 899 905 904
899,quad,899 894 900 905
900,quad,900 901 907 906
901,quad,901 902 908 907
902,quad,902 903 909 908
903,quad,903 904 910 909
904,quad,904 905 911 910
905,quad,905 900 906 911
906,quad,906 907 913 912
907,quad,907 908 914 913
908,quad,908 909 915 914
909,quad,909 910 916 915
910,quad,910 911 917 916
911,quad,911 906 912 917
912,quad,912 913 919 918
913,quad,913 914 920 919
914,quad,914 915 921 920
915,quad,915 916 922 921
916,quad,916 917 923 922
917,quad,917 912 918 923
918,quad,918 919 925 924
919,quad,919 920 926 925
920,quad,920 921 927 926
921,quad,921 922 928 927
922,quad,922 923 929 928
923,quad,923 918 924 929
924,quad,924 925 931 930
925,quad,925 926 932 931
926,quad,926 927 933 932
927,quad,927 928 934 933
928,quad,928 929 935 934
929,quad,929 924 930 935
930,quad,930 931 937 936
931,quad,931 932 938 937
932,quad,932 933 939 938
933,quad,933 934 940 939
934,quad,934 935 941 940
935,quad,935 930 936 941
936,quad,936 937 943 942
937,quad,937 938 944 943
938,quad,938 939 945 944
939,quad,939 940 946 945
940,quad,940 941 947 946
941,quad,941 936 942 947
942,quad,942 943 949 948
943,quad,943 944 950 949
944,quad,944 945 951 950
945,quad,945 946 952 951
946,quad,946 947 953 952
947,quad,947 942 948 953
948,quad,948 949 955 954
949,quad,949 950 956 955
950,quad,950 951 957 956
951,quad,951 952 958 957
952,quad,952 953 959 958
953,quad,953 948 954 959
954,quad,954 955 961 960
955,quad,955 956 962 961
956,quad,956 957 963 962
957,quad,957 958 964 963
958,quad,958 959 965 964
959,quad,959 954 960 965
960,quad,960 961 967 966
961,quad,961 962 968 967
962,quad,962 963 969 968
963,quad,963 964 970 969
964,quad,964 965 971 970
965,quad,965 960 966 971
966,quad,966 967 973 972
967,quad,967 968 974 973
968,quad,968 969 975 974
969,quad,969 970 976 975
970,quad,970 971 977 976
971,quad,971 966 972 977
972,quad,972 973 979 978
973,quad,973 974 980 979
974,quad,974 975 981 980
975,quad,975 976 982 981
976,quad,976 977 983 982
977,quad,977 972 978 983
978,quad,978 979 985 984
979,quad,979 980 986 985
980,quad,980 981 987 986
981,quad,981 982 988 987
982,quad,982 983 989 988
983,quad,983 978 984 989
984,quad,984 985 991 990
985,quad,985 986 992 991
986,quad,986 987 993 992
987,quad,987 988 994 993
988,quad,988 989 995 994
989,quad,989 984 990 995
990,quad,990 991 997 996
991,quad,991 992 998 997
992,quad,992 993 999 998
993,quad,993 994 1000 999
994,quad,994 995 1001 1000
995,quad,995 990 996 1001
996,quad,996 997 1003 1002
997,quad,997 998 1004 1003
998,quad,998 999 1005 1004
999,quad,999 1000 1006 1005
1000,quad,1000 1001 1007 1006
1001,quad,1001 996 1002 1007
1002,quad,1002 1003 1009 1008
1003,quad,1003 1004 1010 1009
1004,quad,1004 1005 1011 1010
1005,quad,1005 1006 1012 1011
1006,quad,1006 1007 1013 1012
1007,quad,1007 1002 1008 1013
1008,quad,1008 1009 1015 1014
1009,quad,1009 1010 1016 1015
1010,quad,1010 1011 1017 1016
1011,quad,1011 1012 1018 1017
1012,quad,1012 1013 1019 1018
1013,quad,1013 1008 1014 1019
1014,quad,1014 1015 1021 1020
1015,quad,1015 1016 1022 1021
1016,quad,1016 1017 1023 1022
1017,quad,1017 1018 1024 1023
1018,quad,1018 1019 1025 1024
1019,quad,1019 1014 1020 1025
1020,quad,1020 1021 1027 1026
1021,quad,1021 1022 1028 1027
1022,quad,1022 1023 1029 1028
1023,quad,1023 1024 1030 1029
1024,quad,1024 1025 1031 1030
1025,quad,1025 1020 1026 1031
1026,quad,1026 1027 1033 1032
1027,quad,1027 1028 1034 1033
1028,quad,1028 1029 1035 1034
1029,quad,1029 1030 1036 1035
1030,quad,1030 1031 1037 1036
1031,quad,1031 1026 1032 1037
1032,quad,1032 1033 1039 1038
1033,quad,1033 1034 1040 1039
1034,quad,1034 1035 1041 1040
1035,quad,1035 1036 1042 1041
1036,quad,1036 1037 1043 1042
1037,quad,1037 1032 1038 1043
1038,quad,1038 1039 1045 1044
1039,quad,1039 1040 1046 1045
1040,quad,1040 1041 1047 1046
1041,quad,1041 1042 1048 1047
1042,quad,1042 1043 1049 1048
1043,quad,1043 1038 1044 1049
1044,quad,1044 1045 1051 1050
1045,quad,1045 1046 1052 1051
1046,quad,1046 1047 1053 1052
1047,quad,1047 1048 1054 1053
1048,quad,1048 1049 1055 1054
1049,quad,1049 1044 1050 1055
1050,quad,1050 1051 1057 1056
1051,quad,1051 1052 1058 1057
1052,quad,1052 1053 1059 1058
1053,quad,1053 1054 1060 1059
1054,quad,1054 1055 1061 1060
1055,quad,1055 1050 1056 1061
1056,quad,1056 1057 1063 1062
1057,quad,1057 1058 1064 1063
1058,quad,1058 1059 1065 1064
1059,quad,1059 1060 1066 1065
1060,quad,1060 1061 1067 1066
1061,quad,1061 1056 1062 1067
1062,quad,1062 1063 1069 1068
1063,quad,1063 1064 1070 1069
1064,quad,1064 1065 1071 1070
1065,quad,1065 1066 1072 1071
1066,quad,1066 1067 1073 1072
1067,quad,1067 1062 1068 1073
1068,quad,1068 1069 1075 1074
1069,quad,1069 1070 1076 1075
1070,quad,1070 1071 1077 1076
1071,quad,1071 1072 1078 1077
1072,quad,1072 1073 1079 1078
1073,quad,1073 1068 1074 1079
1074,quad,1074 1075 1081 1080
1075,quad,1075 1076 1082 1081
1076,quad,1076 1077 1083 1082
1077,quad,1077 1078 1084 1083
1078,quad,1078 1079 1085 1084
1079,quad,1079 1074 1080 1085
1080,quad,1080 1081 1087 1086
1081,quad,1081 1082 1088 1087
1082,quad,1082 1083 1089 1088
1083,quad,1083 1084 1090 1089
1084,quad,1084 1085 1091 1090
1085,quad,1085 1080 1086 1091
1086,quad,1086 1087 1093 1092
1087,quad,1087 1088 1094 1093
1088,quad,1088 1089 1095 1094
1089,quad,1089 1090 1096 1095
1090,quad,1090 1091 1097 1096
1091,quad,1091 1086 1092 1097
1092,quad,1092 1093 1099 1098
1093,quad,1093 1094 1100 1099
1094,quad,1094 1095 1101 1100
1095,quad,1095 1096 1102 1101
1096,quad,1096 1097 1103 1102
1097,quad,1097 1092 1098 1103
1098,quad,1098 1099 1105 1104
1099,quad,1099 1100 1106 1105
1100,quad,1100 1101 1107 1106
1101,quad,1101 1102 1108 1107
1102,quad,1102 1103 1109 1108
1103,quad,1103 1098 1104 1109
1104,quad,1104 1105 1111 1110
1105,quad,1105 1106 1112 1111
1106,quad,1106 1107 1113 1112
1107,quad,1107 1108 1114 1113
1108,quad,1108 1109 1115 1114
1109,quad,1109 1104 1110 1115
1110,quad,1110 1111 1117 1116
1111,quad,1111 1112 1118 1117
1112,quad,1112 1113 1119 1118
1113,quad,1113 1114 1120 1119
1114,quad,1114 1115 1121 1120
1115,quad,1115 1110 1116 1121
1116,quad,1116 1117 1123 1122
1117,quad,1117 1118 1124 1123
1118,quad,1118 1119 1125 1124
1119,quad,1119 1120 1126 1125
1120,quad,1120 1121 1127 1126
1121,quad,1121 1116 1122 1127
1122,quad,1122 1123 1129 1128
1123,quad,1123 1124 1130 1129
1124,quad,1124 1125 1131 1130
1125,quad,1125 1126 1132 1131
1126,quad,1126 1127 1133 1132
1127,quad,1127 1122 1128 1133
1128,quad,1128 1129 1135 1134
1129,quad,1129 1130 1136 1135
1130,quad,1130 1131 1137 1136
1131,quad,1131 1132 1138 1137
1132,quad,1132 1133 1139 1138
1133,quad,1133 1128 1134 1139
1134,quad,1134 1135 1141 1140
1135,quad,1135 1136 1142 1141
1136,quad,1136 1137 1143 1142
1137,quad,1137 1138 1144 1143
1138,quad,1138 1139 1145 1144
1139,quad,1139 1134 1140 1145
1140,quad,1140 1141 1147 1146
1141,quad,1141 1142 1148 1147
1142,quad,1142 1143 1149 1148
1143,quad,1143 1144 1150 1149
1144,quad,1144 1145 1151 1150
1145,quad,1145 1140 1146 1151
1146,quad,1146 1147 1153 1152
1147,quad,1147 1148 1154 1153
1148,quad,1148 1149 1155 1154
1149,quad,1149 1150 1156 1155
1150,quad,1150 1151 1157 1156
1151,quad,1151 1146 1152 1157
1152,quad,1152 1153 1159 1158
1153,quad,1153 1154 1160 1159
1154,quad,1154 1155 1161 1160
1155,quad,1155 1156 1162 1161
1156,quad,1156 1157 1163 1162
1157,quad,1157 1152 1158 1163
1158,quad,1158 1159 1165 1164
1159,quad,1159 1160 1166 1165
1160,quad,1160 1161 1167 1166
1161,quad,1161 1162 1168 1167
1162,quad,1162 1163 1169 1168
1163,quad,1163 1158 1164 1169
1164,quad,1164 1165 1171 1170
1165,quad,1165 1166 1172 1171
1166,quad,1166 1167 1173 1172
1167,quad,1167 1168 1174 1173
1168,quad,1168 1169 1175 1174
1169,quad,1169 1164 1170 1175
1170,quad,1170 1171 1177 1176
1171,quad,1171 1172 1178 1177
1172,quad,1172 1173 1179 1178
1173,quad,1173 1174 1180 1179
1174,quad,1174 1175 1181 1180
1175,quad,1175 1170 1176 1181
1176,quad,1176 1177 1183 1182
1177,quad,1177 1178 1184 1183
1178,quad,1178 1179 1185 1184
1179,quad,1179 1180 1186 1185
1180,quad,1180 1181 1187 1186
1181,quad,1181 1176 1182 1187
1182,quad,1182 1183 1189 1188
1183,quad,1183 1184 1190 1189
1184,quad,1184 1185 1191 1190
1185,quad,1185 1186 1192 1191
1186,quad,1186 1187 1193 1192
1187,quad,1187 1182 1188 1193
1188,quad,1188 1189 1195 1194
1189,quad,1189 1190 1196 1195
1190,quad,1190 1191 1197 1196
1191,quad,1191 1192 1198 1197
1192,quad,1192 1193 1199 1198
1193,quad,1193 1188 1194 1199
1194,quad,1194 1195 1201 1200
1195,quad,1195 1196 1202 1201
1196,quad,1196 1197 1203 1202
1197,quad,1197 1198 1204 1203
1198,quad,1198 1199 1205 1204
1199,quad,1199 1194 1200 1205
1200,quad,1200 1201 1207 1206
1201,quad,1201 1202 1208 1207
1202,quad,1202 1203 1209 1208
1203,quad,1203 1204 1210 1209
1204,quad,1204 1205 1211 1210
1205,quad,1205 1200 1206 1211
1206,quad,1206 1207 1213 1212
1207,quad,1207 1208 1214 1213
1208,quad,1208 1209 1215 1214
1209,quad,1209 1210 1216 1215
1210,quad,1210 1211 1217 1216
1211,quad,1211 1206 1212 1217
1212,quad,1212 1213 1219 1218
1213,quad,1213 1214 1220 1219
1214,quad,1214 1215 1221 1220
1215,quad,1215 1216 1222 1221
1216,quad,1216 1217 1223 1222
1217,quad,1217 1212 1218 1223
1218,quad,1218 1219 1225 1224
1219,quad,1219 1220 1226 1225
1220,quad,1220 1221 1227 1226
1221,quad,1221 1222 1228 1227
1222,quad,1222 1223 1229 1228
1223,quad,1223 1218 1224 1229
1224,quad,1224 1225 1231 1230
1225,quad,1225 1226 1232 1231
1226,quad,1226 1227 1233 1232
1227,quad,1227 1228 1234 1233
1228,quad,1228 1229 1235 1234
1229,quad,1229 1224 1230 1235
1230,quad,1230 1231 1237 1236
1231,quad,1231 1232 1238 1237
1232,quad,1232 1233 1239 1238
1233,quad,1233 1234 1240 1239
1234,quad,1234 1235 1241 1240
1235,quad,1235 1230 1236 1241
1236,quad,1236 1237 1243 1242
1237,quad,1237 1238 1244 1243
1238,quad,1238 1239 1245 1244
1239,quad,1239 1240 1246 1245
1240,quad,1240 1241 1247 1246
1241,quad,1241 1236 1242 1247
1242,quad,1242 1243 1249 1248
1243,quad,1243 1244 1250 1249
1244,quad,1244 1245 1251 1250
1245,quad,1245 1246 1252 1251
1246,quad,1246 1247 1253 1252
1247,quad,1247 1242 1248 1253
1248,quad,1248 1249 1255 1254
1249,quad,1249 1250 1256 1255
1250,quad,1250 1251 1257 1256
1251,quad,1251 1252 1258 1257
1252,quad,1252 1253 1259 1258
1253,quad,1253 1248 1254 1259
1254,quad,1254 1255 1261 1260
1255,quad,1255 1256 1262 1261
1256,quad,1256 1257 1263 1262
1257,quad,1257 1258 1264 1263
1258,quad,1258 1259 1265 1264
1259,quad,1259 1254 1260 1265
1260,quad,1260 1261 1267 1266
1261,quad,1261 1262 1268 1267
1262,quad,1262 1263 1269 1268
1263,quad,1263 1264 1270 1269
1264,quad,1264 1265 1271 1270
1265,quad,1265 1260 1266 1271
1266,quad,1266 1267 1273 1272
1267,quad,1267 1268 1274 1273
1268,quad,1268 1269 1275 1274
1269,quad,1269 1270 1276 1275
1270,quad,1270 1271 1277 1276
1271,quad,1271 1266 1272 1277
1272,quad,1272 1273 1279 1278
1273,quad,1273 1274 1280 1279
1274,quad,1274 1275 1281 1280
1275,quad,1275 1276 1282 1281
1276,quad,1276 1277 1283 1282
1277,quad,1277 1272 1278 1283
1278,quad,1278 1279 1285 1284
1279,quad,1279 1280 1286 1285
1280,quad,1280 1281 1287 1286
1281,quad,1281 1282 1288 1287
1282,quad,1282 1283 1289 1288
1283,quad,1283 1278 1284 1289
1284,quad,1284 1285 1291 1290
1285,quad,1285 1286 1292 1291
1286,quad,1286 1287 1293 1292
1287,quad,1287 1288 1294 1293
1288,quad,1288 1289 1295 1294
1289,quad,1289 1284 1290 1295
1290,quad,1290 1291 1297 1296
1291,quad,1291 1292 1298 1297
1292,quad,1292 1293 1299 1298
1293,quad,1293 1294 1300 1299
1294,quad,1294 1295 1301 1300
1295,quad,1295 1290 1296 1301
1296,quad,1296 1297 1303 1302
1297,quad,1297 1298 1304 1303
1298,quad,1298 1299 1305 1304
1299,quad,1299 1300 1306 1305
1300,quad,1300 1301 1307 1306
1301,quad,1301 1296 1302 1307
1302,quad,1302 1303 1309 1308
1303,quad,1303 1304 1310 1309
1304,quad,1304 1305 1311 1310
1305,quad,1305 1306 1312 1311
1306,quad,1306 1307 1313 1312
1307,quad,1307 1302 1308 1313
1308,quad,1308 1309 1315 1314
1309,quad,1309 1310 1316 1315
1310,quad,1310 1311 1317 1316
1311,quad,1311 1312 1318 1317
1312,quad,1312 1313 1319 1318
1313,quad,1313 1308 1314 1319
1314,quad,1314 1315 1321 1320
1315,quad,1315 1316 1322 1321
1316,quad,1316 1317 1323 1322
1317,quad,1317 1318 1324 1323
1318,quad,1318 1319 1325 1324
1319,quad,1319 1314 1320 1325
1320,quad,1320 1321 1327 1326
1321,quad,1321 1322 1328 1327
1322,quad,1322 1323 1329 1328
1323,quad,1323 1324 1330 1329
1324,quad,1324 1325 1331 1330
1325,quad,1325 1320 1326 1331
1326,quad,1326 1327 1333 1332
1327,quad,1327 1328 1334 1333
1328,quad,1328 1329 1335 1334
1329,quad,1329 1330 1336 1335
1330,quad,1330 1331 1337 1336
1331,quad,1331 1326 1332 1337
1332,quad,1332 1333 1339 1338
1333,quad,1333 1334 1340 1339
1334,quad,1334 1335 1341 1340
1335,quad,1335 1336 1342 1341
1336,quad,1336 1337 1343 1342
1337,quad,1337 1332 1338 1343
1338,quad,1338 1339 1345 1344
1339,quad,1339 1340 1346 1345
1340,quad,1340 1341 1347 1346
1341,quad,1341 1342 1348 1347
1342,quad,1342 1343 1349 1348
1343,quad,1343 1338 1344 1349
1344,quad,1344 1345 1351 1350
1345,quad,1345 1346 1352 1351
1346,quad,1346 1347 1353 1352
1347,quad,1347 1348 1354 1353
1348,quad,1348 1349 1355 1354
1349,quad,1349 1344 1350 1355
1350,quad,1350 1351 1357 1356
1351,quad,1351 1352 1358 1357
1352,quad,1352 1353 1359 1358
1353,quad,1353 1354 1360 1359
1354,quad,1354 1355 1361 1360
1355,quad,1355 1350 1356 1361
1356,quad,1356 1357 1363 1362
1357,quad,1357 1358 1364 1363
1358,quad,1358 1359 1365 1364
1359,quad,1359 1360 1366 1365
1360,quad,1360 1361 1367 1366
1361,quad,1361 1356 1362 1367
1362,quad,1362 1363 1369 1368
1363,quad,1363 1364 1370 1369
1364,quad,1364 1365 1371 1370
1365,quad,1365 1366 1372 1371
1366,quad,1366 1367 1373 1372
1367,quad,1367 1362 1368 1373
1368,quad,1368 1369 1375 1374
1369,quad,1369 1370 1376 1375
1370,quad,1370 1371 1377 1376
1371,quad,1371 1372 1378 1377
1372,quad,1372 1373 1379 1378
1373,quad,1373 1368 1374 1379
1374,quad,1374 1375 1381 1380
1375,quad,1375 1376 1382 1381
1376,quad,1376 1377 1383 1382
1377,quad,1377 1378 1384 1383
1378,quad,1378 1379 1385 1384
1379,quad,1379 1374 1380 1385
1380,quad,1380 1381 1387 1386
1381,quad,1381 1382 1388 1387
1382,quad,1382 1383 1389 1388
1383,quad,1383 1384 1390 1389
1384,quad,1384 1385 1391 1390
1385,quad,1385 1380 1386 1391
1386,quad,1386 1387 1393 1392
1387,quad,1387 1388 1394 1393
1388,quad,1388 1389 1395 1394
1389,quad,1389 1390 1396 1395
1390,quad,1390 1391 1397 1396
1391,quad,1391 1386 1392 1397
1392,quad,1392 1393 1399 1398
1393,quad,1393 1394 1400 1399
1394,quad,1394 1395 1401 1400
1395,quad,1395 1396 1402 1401
1396,quad,1396 1397 1403 1402
1397,quad,1397 1392 1398 1403
1398,quad,1398 1399 1405 1404
1399,quad,1399 1400 1406 1405
1400,quad,1400 1401 1407 1406
1401,quad,1401 1402 1408 1407
1402,quad,1402 1403 1409 1408
1403,quad,1403 1398 1404 1409
1404,quad,1404 1405 1411 1410
1405,quad,1405 1406 1412 1411
1406,quad,1406 1407 1413 1412
1407,quad,1407 1408 1414 1413
1408,quad,1408 1409 1415 1414
1409,quad,1409 1404 1410 1415
1410,quad,1410 1411 1417 1416
1411,quad,1411 1412 1418 1417
1412,quad,1412 1413 1419 1418
1413,quad,1413 1414 1420 1419
1414,quad,1414 1415 1421 1420
1415,quad,1415 1410 1416 1421
1416,quad,1416 1417 1423 1422
1417,quad,1417 1418 1424 1423
1418,quad,1418 1419 1425 1424
1419,quad,1419 1420 1426 1425
1420,quad,1420 1421 1427 1426
1421,quad,1421 1416 1422 1427
1422,quad,1422 1423 1429 1428
1423,quad,1423 1424 1430 1429
1424,quad,1424 1425 1431 1430
1425,quad,1425 1426 1432 1431
1426,quad,1426 1427 1433 1432
1427,quad,1427 1422 1428 1433
1428,quad,1428 1429 1435 1434
1429,quad,1429 1430 1436 1435
1430,quad,1430 1431 1437 1436
1431,quad,1431 1432 1438 1437
1432,quad,1432 1433 1439 1438
1433,quad,1433 1428 1434 1439
1434,quad,1434 1435 1441 1440
1435,quad,1435 1436 1442 1441
1436,quad,1436 1437 1443 1442
1437,quad,1437 1438 1444 1443
1438,quad,1438 1439 1445 1444
1439,quad,1439 1434 1440 1445
1440,quad,1440 1441 1447 1446
1441,quad,1441 1442 1448 1447
1442,quad,1442 1443 1449 1448
1443,quad,1443 1444 1450 1449
1444,quad,1444 1445 1451 1450
1445,quad,1445 1440 1446 1451
1446,quad,1446 1447 1453 1452
1447,quad,1447 1448 1454 1453
1448,quad,1448 1449 1455 1454
1449,quad,1449 1450 1456 1455
1450,quad,1450 1451 1457 1456
1451,quad,1451 1446 1452 1457
1452,quad,1452 1453 1459 1458
1453,quad,1453 1454 1460 1459
1454,quad,1454 1455 1461 1460
1455,quad,1455 1456 1462 1461
1456,quad,1456 1457 1463 1462
1457,quad,1457 1452 1458 1463
1458,quad,1458 1459 1465 1464
1459,quad,1459 1460 1466 1465
1460,quad,1460 1461 1467 1466
1461,quad,1461 1462 1468 1467
1462,quad,1462 1463 1469 1468
1463,quad,1463 1458 1464 1469
1464,quad,1464 1465 1471 1470
1465,quad,1465 1466 1472 1471
1466,quad,1466 1467 1473 1472
1467,quad,1467 1468 1474 1473
1468,quad,1468 1469 1475 1474
1469,quad,1469 1464 1470 1475
1470,quad,1470 1471 1477 1476
1471,quad,1471 1472 1478 1477
1472,quad,1472 1473 1479 1478
1473,quad,1473 1474 1480 1479
1474,quad,1474 1475 1481 1480
1475,quad,1475 1470 1476 1481
1476,quad,1476 1477 1483 1482
1477,quad,1477 1478 1484 1483
1478,quad,1478 1479 1485 1484
1479,quad,1479 1480 1486 1485
1480,quad,1480 1481 1487 1486
1481,quad,1481 1476 1482 1487
1482,quad,1482 1483 1489 1488
1483,quad,1483 1484 1490 1489
1484,quad,1484 1485 1491 1490
1485,quad,1485 1486 1492 1491
1486,quad,1486 1487 1493 1492
1487,quad,1487 1482 1488 1493
1488,quad,1488 1489 1495 1494
1489,quad,1489 1490 1496 1495
1490,quad,1490 1491 1497 1496
1491,quad,1491 1492 1498 1497
1492,quad,1492 1493 1499 1498
1493,quad,1493 1488 1494 1499
