index,pindex,N(0),N(1),N(2),Tex(0),Tex(1),Tex(2)
0,0,0.0,1.0,0.0,0.0,0.0,0.0
1,1,-0.03046607559660847,0.5000000000000001,-0.8654893518915999,0.16666666666666666,0.0,0.0
2,2,-0.030466075596608473,-0.4999999999999998,-0.8654893518916,0.3333333333333333,0.0,0.0
3,3,-4.308208719851212e-18,-1.0,-1.2238887679950649e-16,0.5,0.0,0.0
4,4,0.030466075596608466,-0.5000000000000004,0.8654893518915998,0.6666666666666666,0.0,0.0
5,5,0.030466075596608487,0.49999999999999933,0.8654893518916004,0.8333333333333334,0.0,0.0
6,6,0.0,1.0,0.0,0.0,0.034482758620689655,0.0
7,7,-0.044340904825774734,0.5000000000000001,-0.8648895213605212,0.16666666666666666,0.034482758620689655,0.0
8,8,-0.04434090482577474,-0.4999999999999998,-0.8648895213605213,0.3333333333333333,0.034482758620689655,0.0
9,9,-6.270248762783256e-18,-1.0,-1.2230405474501404e-16,0.5,0.034482758620689655,0.0
10,10,0.04434090482577473,-0.5000000000000004,0.8648895213605211,0.6666666666666666,0.034482758620689655,0.0
11,11,0.044340904825774755,0.49999999999999933,0.8648895213605217,0.8333333333333334,0.034482758620689655,0.0
12,12,0.0,1.0,0.0,0.0,0.06896551724137931,0.0
13,13,-0.06303115733120426,0.5000000000000001,-0.8637285876972517,0.16666666666666666,0.06896551724137931,0.0
14,14,-0.06303115733120428,-0.4999999999999998,-0.8637285876972518,0.3333333333333333,0.06896551724137931,0.0
15,15,-8.913237964486551e-18,-1.0,-1.2213988707873858e-16,0.5,0.06896551724137931,0.0
16,16,0.06303115733120426,-0.5000000000000004,0.8637285876972516,0.6666666666666666,0.06896551724137931,0.0
17,17,0.06303115733120429,0.49999999999999933,0.8637285876972521,0.8333333333333334,0.06896551724137931,0.0
18,18,0.0,1.0,0.0,0.0,0.10344827586206896,0.0
19,19,-0.06939085467994281,0.5000000000000001,-0.8632409335097514,0.16666666666666666,0.10344827586206896,0.0
20,20,-0.06939085467994283,-0.4999999999999998,-0.8632409335097515,0.3333333333333333,0.10344827586206896,0.0
21,21,-9.812562969000756e-18,-1.0,-1.2207092788456216e-16,0.5,0.10344827586206896,0.0
22,22,0.06939085467994281,-0.5000000000000004,0.8632409335097513,0.6666666666666666,0.10344827586206896,0.0
23,23,0.06939085467994285,0.49999999999999933,0.8632409335097518,0.8333333333333334,0.10344827586206896,0.0
24,24,0.0,1.0,0.0,0.0,0.13793103448275862,0.0
25,25,-0.07062341363634203,0.5000000000000001,-0.8631409696256749,0.16666666666666666,0.13793103448275862,0.0
26,26,-0.07062341363634203,-0.4999999999999998,-0.863140969625675,0.3333333333333333,0.13793103448275862,0.0
27,27,-9.986859170257506e-18,-1.0,-1.2205679198853303e-16,0.5,0.13793103448275862,0.0
28,28,0.07062341363634202,-0.5000000000000004,0.8631409696256748,0.6666666666666666,0.13793103448275862,0.0
29,29,0.07062341363634206,0.49999999999999933,0.8631409696256753,0.8333333333333334,0.13793103448275862,0.0
30,30,0.0,1.0,0.0,0.0,0.1724137931034483,0.0
31,31,-0.06868655589818003,0.5000000000000001,-0.8632972587926167,0.16666666666666666,0.1724137931034483,0.0
32,32,-0.06868655589818004,-0.4999999999999998,-0.8632972587926168,0.3333333333333333,0.1724137931034483,0.0
33,33,-9.712968055853861e-18,-1.0,-1.2207889284460497e-16,0.5,0.1724137931034483,0.0
34,34,0.06868655589818003,-0.5000000000000004,0.8632972587926165,0.6666666666666666,0.1724137931034483,0.0
35,35,0.06868655589818007,0.49999999999999933,0.8632972587926171,0.8333333333333334,0.1724137931034483,0.0
36,36,0.0,1.0,0.0,0.0,0.20689655172413793,0.0
37,37,-0.0642114184297446,0.5000000000000001,-0.8636416466007416,0.16666666666666666,0.20689655172413793,0.0
38,38,-0.0642114184297446,-0.4999999999999998,-0.8636416466007417,0.3333333333333333,0.20689655172413793,0.0
39,39,-9.080138723998834e-18,-1.0,-1.2212759273551377e-16,0.5,0.20689655172413793,0.0
40,40,0.06421141842974458,-0.5000000000000004,0.8636416466007415,0.6666666666666666,0.20689655172413793,0.0
41,41,0.06421141842974462,0.49999999999999933,0.863641646600742,0.8333333333333334,0.20689655172413793,0.0
42,42,0.0,1.0,0.0,0.0,0.2413793103448276,0.0
43,43,-0.057251501325850836,0.5000000000000001,-0.8641309308177413,0.16666666666666666,0.2413793103448276,0.0
44,44,-0.05725150132585084,-0.4999999999999998,-0.8641309308177414,0.3333333333333333,0.2413793103448276,0.0
45,45,-8.095936624803143e-18,-1.0,-1.221967824322136e-16,0.5,0.2413793103448276,0.0
46,46,0.05725150132585082,-0.5000000000000004,0.8641309308177412,0.6666666666666666,0.2413793103448276,0.0
47,47,0.05725150132585086,0.49999999999999933,0.8641309308177417,0.8333333333333334,0.2413793103448276,0.0
48,48,0.0,1.0,0.0,0.0,0.27586206896551724,0.0
49,49,-0.047444131305114344,0.5000000000000001,-0.8647248431753901,0.16666666666666666,0.27586206896551724,0.0
50,50,-0.04744413130511435,-0.4999999999999998,-0.8647248431753902,0.3333333333333333,0.27586206896551724,0.0
51,51,-6.70907611800233e-18,-1.0,-1.2228076759761296e-16,0.5,0.27586206896551724,0.0
52,52,0.04744413130511434,-0.5000000000000004,0.86472484317539,0.6666666666666666,0.27586206896551724,0.0
53,53,0.047444131305114365,0.49999999999999933,0.8647248431753906,0.8333333333333334,0.27586206896551724,0.0
54,54,0.0,1.0,0.0,0.0,0.3103448275862069,0.0
55,55,-0.033933616162944054,0.5000000000000001,-0.8653603351749525,0.16666666666666666,0.3103448275862069,0.0
56,56,-0.033933616162944054,-0.4999999999999998,-0.8653603351749526,0.3333333333333333,0.3103448275862069,0.0
57,57,-4.7985537417085e-18,-1.0,-1.2237063254149876e-16,0.5,0.3103448275862069,0.0
58,58,0.03393361616294405,-0.5000000000000004,0.8653603351749524,0.6666666666666666,0.3103448275862069,0.0
59,59,0.03393361616294407,0.49999999999999933,0.8653603351749529,0.8333333333333334,0.3103448275862069,0.0
60,60,0.0,1.0,0.0,0.0,0.3448275862068966,0.0
61,61,-0.01502995906620583,0.5000000000000001,-0.8658949707270901,0.16666666666666666,0.3448275862068966,0.0
62,62,-0.015029959066205831,-0.4999999999999998,-0.8658949707270902,0.3333333333333333,0.3448275862068966,0.0
63,63,-2.125386989955577e-18,-1.0,-1.2244623537194398e-16,0.5,0.3448275862068966,0.0
64,64,0.015029959066205828,-0.5000000000000004,0.86589497072709,0.6666666666666666,0.3448275862068966,0.0
65,65,0.015029959066205837,0.49999999999999933,0.8658949707270905,0.8333333333333334,0.3448275862068966,0.0
66,66,0.0,1.0,0.0,0.0,0.3793103448275862,0.0
67,67,0.012753679861280585,0.5000000000000001,-0.8659314890047572,0.16666666666666666,0.3793103448275862,0.0
68,68,0.012753679861280587,-0.4999999999999998,-0.8659314890047574,0.3333333333333333,0.3793103448275862,0.0
69,69,1.8034982751331594e-18,-1.0,-1.2245139942275127e-16,0.5,0.3793103448275862,0.0
70,70,-0.012753679861280584,-0.5000000000000004,0.8659314890047571,0.6666666666666666,0.3793103448275862,0.0
71,71,-0.012753679861280592,0.49999999999999933,0.8659314890047577,0.8333333333333334,0.3793103448275862,0.0
72,72,0.0,1.0,0.0,0.0,0.41379310344827586,0.0
73,73,0.05783370434595154,0.5000000000000001,-0.864092160965267,0.16666666666666666,0.41379310344827586,0.0
74,74,0.057833704345951545,-0.4999999999999998,-0.8640921609652671,0.3333333333333333,0.41379310344827586,0.0
75,75,8.178265972407099e-18,-1.0,-1.2219129998614118e-16,0.5,0.41379310344827586,0.0
76,76,-0.05783370434595153,-0.5000000000000004,0.8640921609652669,0.6666666666666666,0.41379310344827586,0.0
77,77,-0.057833704345951566,0.49999999999999933,0.8640921609652674,0.8333333333333334,0.41379310344827586,0.0
78,78,0.0,1.0,0.0,0.0,0.4482758620689655,0.0
79,79,0.1484700558028129,0.5000000000000001,-0.8532037520603796,0.16666666666666666,0.4482758620689655,0.0
80,80,0.1484700558028129,-0.4999999999999998,-0.8532037520603797,0.3333333333333333,0.4482758620689655,0.0
81,81,2.0995155316875805e-17,-1.0,-1.2065156973632313e-16,0.5,0.4482758620689655,0.0
82,82,-0.14847005580281286,-0.5000000000000004,0.8532037520603795,0.6666666666666666,0.4482758620689655,0.0
83,83,-0.14847005580281294,0.49999999999999933,0.85320375206038,0.8333333333333334,0.4482758620689655,0.0
84,84,0.0,1.0,0.0,0.0,0.4827586206896552,0.0
85,85,0.42344825360747845,0.5000000000000001,-0.7554413124239212,0.16666666666666666,0.4827586206896552,0.0
86,86,0.4234482536074785,-0.4999999999999998,-0.7554413124239213,0.3333333333333333,0.4827586206896552,0.0
87,87,5.987983102098619e-17,-1.0,-1.0682698003555431e-16,0.5,0.4827586206896552,0.0
88,88,-0.4234482536074784,-0.5000000000000004,0.7554413124239211,0.6666666666666666,0.4827586206896552,0.0
89,89,-0.4234482536074787,0.49999999999999933,0.7554413124239217,0.8333333333333334,0.4827586206896552,0.0
90,90,0.0,1.0,0.0,0.0,0.5172413793103449,0.0
91,91,0.7554413655159233,0.5000000000000001,-0.42344815889012566,0.16666666666666666,0.5172413793103449,0.0
92,92,0.7554413655159234,-0.4999999999999998,-0.4234481588901257,0.3333333333333333,0.5172413793103449,0.0
93,93,1.0682698754329602e-16,-1.0,-5.987981762700231e-17,0.5,0.5172413793103449,0.0
94,94,-0.7554413655159232,-0.5000000000000004,0.4234481588901256,0.6666666666666666,0.5172413793103449,0.0
95,95,-0.7554413655159238,0.49999999999999933,0.4234481588901259,0.8333333333333334,0.5172413793103449,0.0
96,96,0.0,1.0,0.0,0.0,0.5517241379310345,0.0
97,97,0.8532037242426271,0.5000000000000001,-0.14847021566129326,0.16666666666666666,0.5517241379310345,0.0
98,98,0.8532037242426272,-0.4999999999999998,-0.1484702156612933,0.3333333333333333,0.5517241379310345,0.0
99,99,1.2065156580261387e-16,-1.0,-2.0995177922468605e-17,0.5,0.5517241379310345,0.0
100,100,-0.853203724242627,-0.5000000000000004,0.14847021566129326,0.6666666666666666,0.5517241379310345,0.0
101,101,-0.8532037242426276,0.49999999999999933,0.14847021566129334,0.8333333333333334,0.5517241379310345,0.0
102,102,0.0,1.0,0.0,0.0,0.5862068965517241,0.0
103,103,0.8640921555040493,0.5000000000000001,-0.05783378594183328,0.16666666666666666,0.5862068965517241,0.0
104,104,0.8640921555040494,-0.4999999999999998,-0.057833785941833284,0.3333333333333333,0.5862068965517241,0.0
105,105,1.221912992138702e-16,-1.0,-8.178277510883333e-18,0.5,0.5862068965517241,0.0
106,106,-0.8640921555040492,-0.5000000000000004,0.05783378594183327,0.6666666666666666,0.5862068965517241,0.0
107,107,-0.8640921555040497,0.49999999999999933,0.05783378594183331,0.8333333333333334,0.5862068965517241,0.0
108,108,0.0,1.0,0.0,0.0,0.6206896551724138,0.0
109,109,0.8659314907488228,0.5000000000000001,-0.012753561444609336,0.16666666666666666,0.6206896551724138,0.0
110,110,0.8659314907488229,-0.4999999999999998,-0.012753561444609337,0.3333333333333333,0.6206896551724138,0.0
111,111,1.2245139966937964e-16,-1.0,-1.803481529827909e-18,0.5,0.6206896551724138,0.0
112,112,-0.8659314907488227,-0.5000000000000004,0.012753561444609334,0.6666666666666666,0.6206896551724138,0.0
113,113,-0.8659314907488233,0.49999999999999933,0.012753561444609342,0.8333333333333334,0.6206896551724138,0.0
114,114,0.0,1.0,0.0,0.0,0.6551724137931034,0.0
115,115,0.8658949691197311,0.5000000000000001,0.015030051667908023,0.16666666666666666,0.6551724137931034,0.0
116,116,0.8658949691197312,-0.4999999999999998,0.015030051667908025,0.3333333333333333,0.6551724137931034,0.0
117,117,1.224462351446473e-16,-1.0,2.125400084765232e-18,0.5,0.6551724137931034,0.0
118,118,-0.865894969119731,-0.5000000000000004,-0.015030051667908021,0.6666666666666666,0.6551724137931034,0.0
119,119,-0.8658949691197315,0.49999999999999933,-0.015030051667908032,0.8333333333333334,0.6551724137931034,0.0
120,120,0.0,1.0,0.0,0.0,0.6896551724137931,0.0
121,121,0.8653603391199861,0.5000000000000001,0.033933515558259304,0.16666666666666666,0.6896551724137931,0.0
122,122,0.8653603391199862,-0.4999999999999998,0.03393351555825931,0.3333333333333333,0.6896551724137931,0.0
123,123,1.2237063309936608e-16,-1.0,4.798539515196828e-18,0.5,0.6896551724137931,0.0
124,124,-0.865360339119986,-0.5000000000000004,-0.033933515558259304,0.6666666666666666,0.6896551724137931,0.0
125,125,-0.8653603391199866,0.49999999999999933,-0.033933515558259325,0.8333333333333334,0.6896551724137931,0.0
126,126,0.0,1.0,0.0,0.0,0.7241379310344828,0.0
127,127,0.8647248456522268,0.5000000000000001,0.04744408616184248,0.16666666666666666,0.7241379310344828,0.0
128,128,0.864724845652227,-0.4999999999999998,0.04744408616184249,0.3333333333333333,0.7241379310344828,0.0
129,129,1.2228076794786251e-16,-1.0,6.7090697342908186e-18,0.5,0.7241379310344828,0.0
130,130,-0.8647248456522267,-0.5000000000000004,-0.04744408616184247,0.6666666666666666,0.7241379310344828,0.0
131,131,-0.8647248456522273,0.49999999999999933,-0.0474440861618425,0.8333333333333334,0.7241379310344828,0.0
132,132,0.0,1.0,0.0,0.0,0.7586206896551724,0.0
133,133,0.8641309270680971,0.5000000000000001,0.05725155792143017,0.16666666666666666,0.7586206896551724,0.0
134,134,0.8641309270680972,-0.4999999999999998,0.05725155792143018,0.3333333333333333,0.7586206896551724,0.0
135,135,1.2219678190197631e-16,-1.0,8.095944627985819e-18,0.5,0.7586206896551724,0.0
136,136,-0.864130927068097,-0.5000000000000004,-0.05725155792143016,0.6666666666666666,0.7586206896551724,0.0
137,137,-0.8641309270680976,0.49999999999999933,-0.0572515579214302,0.8333333333333334,0.7586206896551724,0.0
138,138,0.0,1.0,0.0,0.0,0.7931034482758621,0.0
139,139,0.8636416444813158,0.5000000000000001,0.06421144693595196,0.16666666666666666,0.7931034482758621,0.0
140,140,0.8636416444813159,-0.4999999999999998,0.06421144693595197,0.3333333333333333,0.7931034482758621,0.0
141,141,1.221275924358057e-16,-1.0,9.080142755062526e-18,0.5,0.7931034482758621,0.0
142,142,-0.8636416444813156,-0.5000000000000004,-0.06421144693595196,0.6666666666666666,0.7931034482758621,0.0
143,143,-0.8636416444813162,0.49999999999999933,-0.06421144693595199,0.8333333333333334,0.7931034482758621,0.0
144,144,0.0,1.0,0.0,0.0,0.8275862068965517,0.0
145,145,0.8632972603650321,0.5000000000000001,0.06868653613503888,0.16666666666666666,0.8275862068965517,0.0
146,146,0.8632972603650322,-0.4999999999999998,0.06868653613503889,0.3333333333333333,0.8275862068965517,0.0
147,147,1.2207889306696025e-16,-1.0,9.71296526114744e-18,0.5,0.8275862068965517,0.0
148,148,-0.863297260365032,-0.5000000000000004,-0.06868653613503888,0.6666666666666666,0.8275862068965517,0.0
149,149,-0.8632972603650325,0.49999999999999933,-0.06868653613503892,0.8333333333333334,0.8275862068965517,0.0
150,150,0.0,1.0,0.0,0.0,0.8620689655172413,0.0
151,151,0.863140971259747,0.5000000000000001,0.07062339366513395,0.16666666666666666,0.8620689655172413,0.0
152,152,0.8631409712597471,-0.4999999999999998,0.07062339366513397,0.3333333333333333,0.8620689655172413,0.0
153,153,1.2205679221960722e-16,-1.0,9.986856346128336e-18,0.5,0.8620689655172413,0.0
154,154,-0.8631409712597469,-0.5000000000000004,-0.07062339366513394,0.6666666666666666,0.8620689655172413,0.0
155,155,-0.8631409712597474,0.49999999999999933,-0.070623393665134,0.8333333333333334,0.8620689655172413,0.0
156,156,0.0,1.0,0.0,0.0,0.896551724137931,0.0
157,157,0.8632409322337757,0.5000000000000001,0.0693908705534224,0.16666666666666666,0.896551724137931,0.0
158,158,0.8632409322337758,-0.4999999999999998,0.06939087055342241,0.3333333333333333,0.896551724137931,0.0
159,159,1.220709277041264e-16,-1.0,9.81256521367001e-18,0.5,0.896551724137931,0.0
160,160,-0.8632409322337756,-0.5000000000000004,-0.06939087055342238,0.6666666666666666,0.896551724137931,0.0
161,161,-0.8632409322337762,0.49999999999999933,-0.06939087055342243,0.8333333333333334,0.896551724137931,0.0
162,162,0.0,1.0,0.0,0.0,0.9310344827586207,0.0
163,163,0.8637285884060747,0.5000000000000001,0.06303114761806107,0.16666666666666666,0.9310344827586207,0.0
164,164,0.8637285884060748,-0.4999999999999998,0.06303114761806108,0.3333333333333333,0.9310344827586207,0.0
165,165,1.2213988717897327e-16,-1.0,8.913236590950664e-18,0.5,0.9310344827586207,0.0
166,166,-0.8637285884060746,-0.5000000000000004,-0.06303114761806107,0.6666666666666666,0.9310344827586207,0.0
167,167,-0.8637285884060751,0.49999999999999933,-0.06303114761806111,0.8333333333333334,0.9310344827586207,0.0
168,168,0.0,1.0,0.0,0.0,0.9655172413793104,0.0
169,169,0.8648895221433253,0.5000000000000001,0.044340889556823415,0.16666666666666666,0.9655172413793104,0.0
170,170,0.8648895221433254,-0.4999999999999998,0.04434088955682342,0.3333333333333333,0.9655172413793104,0.0
171,171,1.2230405485571038e-16,-1.0,6.2702466036003635e-18,0.5,0.9655172413793104,0.0
172,172,-0.8648895221433252,-0.5000000000000004,-0.04434088955682341,0.6666666666666666,0.9655172413793104,0.0
173,173,-0.8648895221433257,0.49999999999999933,-0.044340889556823436,0.8333333333333334,0.9655172413793104,0.0
174,174,0.0,1.0,0.0,0.0,1.0,0.0
175,175,0.8654893506730031,0.5000000000000001,0.030466110214848997,0.16666666666666666,1.0,0.0
176,176,0.8654893506730033,-0.4999999999999998,0.030466110214849,0.3333333333333333,1.0,0.0
177,177,1.2238887662718468e-16,-1.0,4.308213615217707e-18,0.5,1.0,0.0
178,178,-0.865489350673003,-0.5000000000000004,-0.030466110214848994,0.6666666666666666,1.0,0.0
179,179,-0.8654893506730036,0.49999999999999933,-0.030466110214849015,0.8333333333333334,1.0,0.0
